subID,cue,coherence,threshold,congruent,noise1Frames,signal1Frames,noise2Frames,signal2Frames,RT,rawChoice,forcedChoice
1,0.5,0.52,10,1,95,25,86,426,632,NaN,1
1,0.5,0.52,10,1,98,31,89,414,303,0,0
1,0.5,0.52,10,1,90,29,82,431,239,1,1
1,0.5,0.52,10,1,102,24,91,415,632,NaN,0
1,0.5,0.52,10,1,94,26,88,424,457,1,1
1,0.5,0.52,10,1,85,23,85,439,393,1,1
1,0.5,0.52,10,1,93,55,85,399,415,0,0
1,0.5,0.52,10,1,88,23,75,446,511,1,1
1,0.5,0.52,10,1,80,42,77,433,632,NaN,1
1,0.5,0.52,10,1,75,23,80,454,395,1,1
1,0.5,0.52,10,1,96,44,93,399,515,0,0
1,0.5,0.52,10,1,86,23,106,417,469,1,1
1,0.5,0.52,10,1,107,41,77,407,379,1,1
1,0.5,0.52,10,1,78,32,107,415,613,1,1
1,0.5,0.52,10,1,83,28,270,251,589,1,1
1,0.5,0.52,10,1,101,43,75,413,632,NaN,1
1,0.5,0.52,10,1,75,23,75,459,193,0,0
1,0.5,0.52,10,1,82,32,75,443,607,1,1
1,0.5,0.52,10,1,103,31,78,420,632,NaN,0
1,0.5,0.52,10,1,92,29,84,427,305,1,1
1,0.5,0.52,10,1,100,36,79,417,615,1,1
1,0.5,0.52,10,1,78,35,80,439,195,1,1
1,0.5,0.52,10,1,75,47,98,412,361,0,0
1,0.5,0.52,10,1,105,26,78,423,367,1,1
1,0.5,0.52,10,1,82,23,76,451,197,1,1
1,0.5,0.52,10,0,77,30,75,450,555,1,1
1,0.5,0.52,10,0,80,52,104,396,632,NaN,1
1,0.5,0.52,10,0,87,33,79,433,257,1,1
1,0.5,0.52,10,0,99,25,84,424,325,1,1
1,0.5,0.52,10,0,89,23,102,418,632,NaN,0
1,0.5,0.52,10,0,77,46,75,434,295,1,1
1,0.5,0.52,10,0,106,30,97,399,331,0,0
1,0.5,0.52,10,0,79,50,96,407,385,1,1
1,0.5,0.52,10,0,104,45,75,408,249,1,1
1,0.5,0.52,10,0,81,40,94,417,505,0,0
1,0.5,0.52,10,0,75,54,99,404,377,1,1
1,0.5,0.52,10,0,85,48,101,398,585,0,0
1,0.5,0.52,10,0,91,49,75,417,341,1,1
1,0.5,0.52,10,0,75,27,87,443,551,1,1
1,0.5,0.52,10,0,75,53,83,421,435,1,1
1,0.5,0.52,10,0,97,39,81,415,301,1,1
1,0.5,0.52,10,0,84,27,90,431,553,1,1
1,0.5,0.52,10,0,79,51,103,399,632,NaN,0
1,0.5,0.52,10,0,81,34,95,422,265,0,0
1,0.5,0.52,10,0,83,23,100,426,632,NaN,1
1,0.5,0.52,10,0,75,28,105,424,495,1,1
1,0.5,0.52,10,0,75,38,81,438,313,1,1
1,0.5,0.52,10,0,76,37,92,427,387,1,1
1,0.5,0.52,10,0,84,218,82,248,215,1,1
1,0.5,0.52,10,0,270,33,83,246,387,1,1
1,0.5,0.52,10,NaN,NaN,NaN,NaN,NaN,NaN,NaN,NaN
1,0.5,0.52,10,NaN,NaN,NaN,NaN,NaN,NaN,NaN,NaN
1,0.5,0.52,10,NaN,NaN,NaN,NaN,NaN,NaN,NaN,NaN
1,0.5,0.52,10,NaN,NaN,NaN,NaN,NaN,NaN,NaN,NaN
1,0.5,0.52,10,NaN,NaN,NaN,NaN,NaN,NaN,NaN,NaN
1,0.5,0.52,10,NaN,NaN,NaN,NaN,NaN,NaN,NaN,NaN
1,0.5,0.52,10,NaN,NaN,NaN,NaN,NaN,NaN,NaN,NaN
1,0.5,0.52,10,NaN,NaN,NaN,NaN,NaN,NaN,NaN,NaN
1,0.5,0.52,10,NaN,NaN,NaN,NaN,NaN,NaN,NaN,NaN
1,0.5,0.52,10,NaN,NaN,NaN,NaN,NaN,NaN,NaN,NaN
1,0.5,0.52,10,NaN,NaN,NaN,NaN,NaN,NaN,NaN,NaN
1,0.5,0.52,10,NaN,NaN,NaN,NaN,NaN,NaN,NaN,NaN
1,0.5,0.52,10,NaN,NaN,NaN,NaN,NaN,NaN,NaN,NaN
1,0.5,0.52,10,NaN,NaN,NaN,NaN,NaN,NaN,NaN,NaN
1,0.5,0.52,10,NaN,NaN,NaN,NaN,NaN,NaN,NaN,NaN
1,0.5,0.52,10,NaN,NaN,NaN,NaN,NaN,NaN,NaN,NaN
1,0.5,0.52,10,NaN,NaN,NaN,NaN,NaN,NaN,NaN,NaN
1,0.5,0.52,10,NaN,NaN,NaN,NaN,NaN,NaN,NaN,NaN
1,0.5,0.52,10,NaN,NaN,NaN,NaN,NaN,NaN,NaN,NaN
1,0.5,0.52,10,NaN,NaN,NaN,NaN,NaN,NaN,NaN,NaN
1,0.5,0.52,10,NaN,NaN,NaN,NaN,NaN,NaN,NaN,NaN
1,0.5,0.52,10,NaN,NaN,NaN,NaN,NaN,NaN,NaN,NaN
1,0.5,0.52,10,NaN,NaN,NaN,NaN,NaN,NaN,NaN,NaN
1,0.5,0.52,10,NaN,NaN,NaN,NaN,NaN,NaN,NaN,NaN
1,0.5,0.52,10,NaN,NaN,NaN,NaN,NaN,NaN,NaN,NaN
1,0.5,0.52,10,NaN,NaN,NaN,NaN,NaN,NaN,NaN,NaN
1,0.5,0.52,10,NaN,NaN,NaN,NaN,NaN,NaN,NaN,NaN
1,0.5,0.52,10,NaN,NaN,NaN,NaN,NaN,NaN,NaN,NaN
1,0.5,0.52,10,NaN,NaN,NaN,NaN,NaN,NaN,NaN,NaN
1,0.5,0.52,10,NaN,NaN,NaN,NaN,NaN,NaN,NaN,NaN
1,0.5,0.52,10,NaN,NaN,NaN,NaN,NaN,NaN,NaN,NaN
1,0.5,0.52,10,NaN,NaN,NaN,NaN,NaN,NaN,NaN,NaN
1,0.5,0.52,10,NaN,NaN,NaN,NaN,NaN,NaN,NaN,NaN
1,0.5,0.52,10,NaN,NaN,NaN,NaN,NaN,NaN,NaN,NaN
1,0.5,0.52,10,NaN,NaN,NaN,NaN,NaN,NaN,NaN,NaN
1,0.5,0.52,10,NaN,NaN,NaN,NaN,NaN,NaN,NaN,NaN
1,0.5,0.52,10,NaN,NaN,NaN,NaN,NaN,NaN,NaN,NaN
1,0.5,0.52,10,NaN,NaN,NaN,NaN,NaN,NaN,NaN,NaN
1,0.5,0.52,10,NaN,NaN,NaN,NaN,NaN,NaN,NaN,NaN
1,0.5,0.52,10,NaN,NaN,NaN,NaN,NaN,NaN,NaN,NaN
1,0.5,0.52,10,NaN,NaN,NaN,NaN,NaN,NaN,NaN,NaN
1,0.5,0.52,10,NaN,NaN,NaN,NaN,NaN,NaN,NaN,NaN
1,0.5,0.52,10,NaN,NaN,NaN,NaN,NaN,NaN,NaN,NaN
1,0.5,0.52,10,NaN,NaN,NaN,NaN,NaN,NaN,NaN,NaN
1,0.5,0.52,10,NaN,NaN,NaN,NaN,NaN,NaN,NaN,NaN
1,0.5,0.52,10,NaN,NaN,NaN,NaN,NaN,NaN,NaN,NaN
1,0.5,0.52,10,NaN,NaN,NaN,NaN,NaN,NaN,NaN,NaN
1,0.5,0.52,10,NaN,NaN,NaN,NaN,NaN,NaN,NaN,NaN
1,0.5,0.52,10,NaN,NaN,NaN,NaN,NaN,NaN,NaN,NaN
1,0.5,0.52,10,NaN,NaN,NaN,NaN,NaN,NaN,NaN,NaN
2,0.5,0.52,10,1,102,23,82,425,117,1,1
2,0.5,0.52,10,1,82,45,93,412,121,1,1
2,0.5,0.52,10,1,84,23,75,450,371,0,0
2,0.5,0.52,10,1,94,27,81,430,217,1,1
2,0.5,0.52,10,1,79,35,78,440,243,1,1
2,0.5,0.52,10,1,77,46,95,414,632,NaN,1
2,0.5,0.52,10,1,75,44,107,406,391,1,1
2,0.5,0.52,10,1,81,23,99,429,133,1,1
2,0.5,0.52,10,1,106,48,97,381,419,0,0
2,0.5,0.52,10,1,85,50,102,395,632,NaN,1
2,0.5,0.52,10,1,80,49,100,403,405,0,0
2,0.5,0.52,10,1,84,29,75,444,632,NaN,1
2,0.5,0.52,10,1,78,23,80,451,577,1,1
2,0.5,0.52,10,1,103,25,91,413,632,NaN,1
2,0.5,0.52,10,1,97,40,270,225,509,1,1
2,0.5,0.52,10,1,75,33,82,442,589,1,1
2,0.5,0.52,10,1,83,55,89,405,313,1,1
2,0.5,0.52,10,1,98,27,84,423,533,0,0
2,0.5,0.52,10,1,93,25,92,422,445,1,1
2,0.5,0.52,10,1,88,54,105,385,632,NaN,1
2,0.5,0.52,10,1,85,36,96,415,483,1,1
2,0.5,0.52,10,1,77,23,75,457,513,0,0
2,0.5,0.52,10,1,82,218,75,257,632,NaN,0
2,0.5,0.52,10,1,100,41,85,406,632,NaN,1
2,0.5,0.52,10,1,81,42,94,415,295,1,1
2,0.5,0.52,10,0,79,26,77,450,347,0,0
2,0.5,0.52,10,0,75,38,84,435,297,0,0
2,0.5,0.52,10,0,105,23,80,424,233,1,1
2,0.5,0.52,10,0,80,32,103,417,632,NaN,0
2,0.5,0.52,10,0,96,37,77,422,571,1,1
2,0.5,0.52,10,0,75,32,75,450,632,NaN,1
2,0.5,0.52,10,0,91,47,90,404,632,NaN,1
2,0.5,0.52,10,0,90,31,76,435,415,1,1
2,0.5,0.52,10,0,95,23,86,428,431,0,0
2,0.5,0.52,10,0,76,53,101,402,327,1,1
2,0.5,0.52,10,0,83,43,106,400,289,1,1
2,0.5,0.52,10,0,75,30,83,444,215,1,1
2,0.5,0.52,10,0,101,31,83,417,299,0,0
2,0.5,0.52,10,0,270,33,87,242,632,NaN,1
2,0.5,0.52,10,0,99,39,88,406,293,0,0
2,0.5,0.52,10,0,107,26,75,424,311,0,0
2,0.5,0.52,10,0,89,28,75,440,632,NaN,0
2,0.5,0.52,10,0,78,30,75,449,632,NaN,1
2,0.5,0.52,10,0,92,23,81,436,289,1,1
2,0.5,0.52,10,0,87,29,78,438,483,1,1
2,0.5,0.52,10,0,75,52,79,426,383,1,1
2,0.5,0.52,10,0,104,34,104,390,309,1,1
2,0.5,0.52,10,0,86,24,98,424,507,1,1
2,0.5,0.52,10,0,75,28,79,450,245,1,1
2,0.5,0.52,10,0,75,51,85,421,327,1,1
2,0.5,0.52,10,NaN,NaN,NaN,NaN,NaN,NaN,NaN,NaN
2,0.5,0.52,10,NaN,NaN,NaN,NaN,NaN,NaN,NaN,NaN
2,0.5,0.52,10,NaN,NaN,NaN,NaN,NaN,NaN,NaN,NaN
2,0.5,0.52,10,NaN,NaN,NaN,NaN,NaN,NaN,NaN,NaN
2,0.5,0.52,10,NaN,NaN,NaN,NaN,NaN,NaN,NaN,NaN
2,0.5,0.52,10,NaN,NaN,NaN,NaN,NaN,NaN,NaN,NaN
2,0.5,0.52,10,NaN,NaN,NaN,NaN,NaN,NaN,NaN,NaN
2,0.5,0.52,10,NaN,NaN,NaN,NaN,NaN,NaN,NaN,NaN
2,0.5,0.52,10,NaN,NaN,NaN,NaN,NaN,NaN,NaN,NaN
2,0.5,0.52,10,NaN,NaN,NaN,NaN,NaN,NaN,NaN,NaN
2,0.5,0.52,10,NaN,NaN,NaN,NaN,NaN,NaN,NaN,NaN
2,0.5,0.52,10,NaN,NaN,NaN,NaN,NaN,NaN,NaN,NaN
2,0.5,0.52,10,NaN,NaN,NaN,NaN,NaN,NaN,NaN,NaN
2,0.5,0.52,10,NaN,NaN,NaN,NaN,NaN,NaN,NaN,NaN
2,0.5,0.52,10,NaN,NaN,NaN,NaN,NaN,NaN,NaN,NaN
2,0.5,0.52,10,NaN,NaN,NaN,NaN,NaN,NaN,NaN,NaN
2,0.5,0.52,10,NaN,NaN,NaN,NaN,NaN,NaN,NaN,NaN
2,0.5,0.52,10,NaN,NaN,NaN,NaN,NaN,NaN,NaN,NaN
2,0.5,0.52,10,NaN,NaN,NaN,NaN,NaN,NaN,NaN,NaN
2,0.5,0.52,10,NaN,NaN,NaN,NaN,NaN,NaN,NaN,NaN
2,0.5,0.52,10,NaN,NaN,NaN,NaN,NaN,NaN,NaN,NaN
2,0.5,0.52,10,NaN,NaN,NaN,NaN,NaN,NaN,NaN,NaN
2,0.5,0.52,10,NaN,NaN,NaN,NaN,NaN,NaN,NaN,NaN
2,0.5,0.52,10,NaN,NaN,NaN,NaN,NaN,NaN,NaN,NaN
2,0.5,0.52,10,NaN,NaN,NaN,NaN,NaN,NaN,NaN,NaN
2,0.5,0.52,10,NaN,NaN,NaN,NaN,NaN,NaN,NaN,NaN
2,0.5,0.52,10,NaN,NaN,NaN,NaN,NaN,NaN,NaN,NaN
2,0.5,0.52,10,NaN,NaN,NaN,NaN,NaN,NaN,NaN,NaN
2,0.5,0.52,10,NaN,NaN,NaN,NaN,NaN,NaN,NaN,NaN
2,0.5,0.52,10,NaN,NaN,NaN,NaN,NaN,NaN,NaN,NaN
2,0.5,0.52,10,NaN,NaN,NaN,NaN,NaN,NaN,NaN,NaN
2,0.5,0.52,10,NaN,NaN,NaN,NaN,NaN,NaN,NaN,NaN
2,0.5,0.52,10,NaN,NaN,NaN,NaN,NaN,NaN,NaN,NaN
2,0.5,0.52,10,NaN,NaN,NaN,NaN,NaN,NaN,NaN,NaN
2,0.5,0.52,10,NaN,NaN,NaN,NaN,NaN,NaN,NaN,NaN
2,0.5,0.52,10,NaN,NaN,NaN,NaN,NaN,NaN,NaN,NaN
2,0.5,0.52,10,NaN,NaN,NaN,NaN,NaN,NaN,NaN,NaN
2,0.5,0.52,10,NaN,NaN,NaN,NaN,NaN,NaN,NaN,NaN
2,0.5,0.52,10,NaN,NaN,NaN,NaN,NaN,NaN,NaN,NaN
2,0.5,0.52,10,NaN,NaN,NaN,NaN,NaN,NaN,NaN,NaN
2,0.5,0.52,10,NaN,NaN,NaN,NaN,NaN,NaN,NaN,NaN
2,0.5,0.52,10,NaN,NaN,NaN,NaN,NaN,NaN,NaN,NaN
2,0.5,0.52,10,NaN,NaN,NaN,NaN,NaN,NaN,NaN,NaN
2,0.5,0.52,10,NaN,NaN,NaN,NaN,NaN,NaN,NaN,NaN
2,0.5,0.52,10,NaN,NaN,NaN,NaN,NaN,NaN,NaN,NaN
2,0.5,0.52,10,NaN,NaN,NaN,NaN,NaN,NaN,NaN,NaN
2,0.5,0.52,10,NaN,NaN,NaN,NaN,NaN,NaN,NaN,NaN
2,0.5,0.52,10,NaN,NaN,NaN,NaN,NaN,NaN,NaN,NaN
2,0.5,0.52,10,NaN,NaN,NaN,NaN,NaN,NaN,NaN,NaN
2,0.5,0.52,10,NaN,NaN,NaN,NaN,NaN,NaN,NaN,NaN
3,0.5,0.52,10,1,99,36,92,405,481,1,1
3,0.5,0.52,10,1,82,218,75,257,632,NaN,1
3,0.5,0.52,10,1,79,26,77,450,632,NaN,0
3,0.5,0.52,10,1,88,25,81,438,505,0,0
3,0.5,0.52,10,1,96,55,99,382,143,0,0
3,0.5,0.52,10,1,86,33,84,429,632,NaN,0
3,0.5,0.52,10,1,83,35,93,421,381,1,1
3,0.5,0.52,10,1,75,46,79,432,181,0,0
3,0.5,0.52,10,1,94,34,82,422,457,1,1
3,0.5,0.52,10,1,103,23,86,420,365,1,1
3,0.5,0.52,10,1,92,41,75,424,241,1,1
3,0.5,0.52,10,1,104,27,97,404,401,1,1
3,0.5,0.52,10,1,101,40,78,413,277,1,1
3,0.5,0.52,10,1,77,52,91,412,277,1,1
3,0.5,0.52,10,1,102,31,88,411,443,1,1
3,0.5,0.52,10,1,270,42,80,240,632,NaN,1
3,0.5,0.52,10,1,76,48,79,429,632,NaN,1
3,0.5,0.52,10,1,84,54,96,398,331,1,1
3,0.5,0.52,10,1,81,23,106,422,632,NaN,0
3,0.5,0.52,10,1,98,25,87,422,429,0,0
3,0.5,0.52,10,1,81,32,107,412,632,NaN,1
3,0.5,0.52,10,1,78,43,95,416,303,1,1
3,0.5,0.52,10,1,105,23,78,426,337,0,0
3,0.5,0.52,10,1,106,24,85,417,455,1,1
3,0.5,0.52,10,1,75,49,75,433,339,1,1
3,0.5,0.52,10,0,97,30,77,428,331,1,1
3,0.5,0.52,10,0,91,51,89,401,429,0,0
3,0.5,0.52,10,0,75,30,104,423,399,1,1
3,0.5,0.52,10,0,75,23,75,459,632,NaN,1
3,0.5,0.52,10,0,77,31,90,434,435,1,1
3,0.5,0.52,10,0,84,23,270,255,425,1,1
3,0.5,0.52,10,0,82,53,76,421,632,NaN,1
3,0.5,0.52,10,0,85,33,75,439,331,1,1
3,0.5,0.52,10,0,75,29,75,453,632,NaN,0
3,0.5,0.52,10,0,100,29,101,402,587,1,1
3,0.5,0.52,10,0,107,23,102,400,479,0,0
3,0.5,0.52,10,0,87,37,75,433,483,0,0
3,0.5,0.52,10,0,93,38,81,420,467,0,0
3,0.5,0.52,10,0,95,47,98,392,129,1,1
3,0.5,0.52,10,0,90,50,80,412,389,1,1
3,0.5,0.52,10,0,80,23,94,435,443,1,1
3,0.5,0.52,10,0,89,45,100,398,229,0,0
3,0.5,0.52,10,0,75,32,85,440,351,1,1
3,0.5,0.52,10,0,85,27,75,445,545,1,1
3,0.5,0.52,10,0,75,44,103,410,425,0,0
3,0.5,0.52,10,0,78,39,83,432,632,NaN,1
3,0.5,0.52,10,0,75,28,83,446,363,1,1
3,0.5,0.52,10,0,80,28,105,419,229,1,1
3,0.5,0.52,10,0,83,23,84,442,632,NaN,1
3,0.5,0.52,10,0,79,26,82,445,281,0,0
3,0.5,0.52,10,NaN,NaN,NaN,NaN,NaN,NaN,NaN,NaN
3,0.5,0.52,10,NaN,NaN,NaN,NaN,NaN,NaN,NaN,NaN
3,0.5,0.52,10,NaN,NaN,NaN,NaN,NaN,NaN,NaN,NaN
3,0.5,0.52,10,NaN,NaN,NaN,NaN,NaN,NaN,NaN,NaN
3,0.5,0.52,10,NaN,NaN,NaN,NaN,NaN,NaN,NaN,NaN
3,0.5,0.52,10,NaN,NaN,NaN,NaN,NaN,NaN,NaN,NaN
3,0.5,0.52,10,NaN,NaN,NaN,NaN,NaN,NaN,NaN,NaN
3,0.5,0.52,10,NaN,NaN,NaN,NaN,NaN,NaN,NaN,NaN
3,0.5,0.52,10,NaN,NaN,NaN,NaN,NaN,NaN,NaN,NaN
3,0.5,0.52,10,NaN,NaN,NaN,NaN,NaN,NaN,NaN,NaN
3,0.5,0.52,10,NaN,NaN,NaN,NaN,NaN,NaN,NaN,NaN
3,0.5,0.52,10,NaN,NaN,NaN,NaN,NaN,NaN,NaN,NaN
3,0.5,0.52,10,NaN,NaN,NaN,NaN,NaN,NaN,NaN,NaN
3,0.5,0.52,10,NaN,NaN,NaN,NaN,NaN,NaN,NaN,NaN
3,0.5,0.52,10,NaN,NaN,NaN,NaN,NaN,NaN,NaN,NaN
3,0.5,0.52,10,NaN,NaN,NaN,NaN,NaN,NaN,NaN,NaN
3,0.5,0.52,10,NaN,NaN,NaN,NaN,NaN,NaN,NaN,NaN
3,0.5,0.52,10,NaN,NaN,NaN,NaN,NaN,NaN,NaN,NaN
3,0.5,0.52,10,NaN,NaN,NaN,NaN,NaN,NaN,NaN,NaN
3,0.5,0.52,10,NaN,NaN,NaN,NaN,NaN,NaN,NaN,NaN
3,0.5,0.52,10,NaN,NaN,NaN,NaN,NaN,NaN,NaN,NaN
3,0.5,0.52,10,NaN,NaN,NaN,NaN,NaN,NaN,NaN,NaN
3,0.5,0.52,10,NaN,NaN,NaN,NaN,NaN,NaN,NaN,NaN
3,0.5,0.52,10,NaN,NaN,NaN,NaN,NaN,NaN,NaN,NaN
3,0.5,0.52,10,NaN,NaN,NaN,NaN,NaN,NaN,NaN,NaN
3,0.5,0.52,10,NaN,NaN,NaN,NaN,NaN,NaN,NaN,NaN
3,0.5,0.52,10,NaN,NaN,NaN,NaN,NaN,NaN,NaN,NaN
3,0.5,0.52,10,NaN,NaN,NaN,NaN,NaN,NaN,NaN,NaN
3,0.5,0.52,10,NaN,NaN,NaN,NaN,NaN,NaN,NaN,NaN
3,0.5,0.52,10,NaN,NaN,NaN,NaN,NaN,NaN,NaN,NaN
3,0.5,0.52,10,NaN,NaN,NaN,NaN,NaN,NaN,NaN,NaN
3,0.5,0.52,10,NaN,NaN,NaN,NaN,NaN,NaN,NaN,NaN
3,0.5,0.52,10,NaN,NaN,NaN,NaN,NaN,NaN,NaN,NaN
3,0.5,0.52,10,NaN,NaN,NaN,NaN,NaN,NaN,NaN,NaN
3,0.5,0.52,10,NaN,NaN,NaN,NaN,NaN,NaN,NaN,NaN
3,0.5,0.52,10,NaN,NaN,NaN,NaN,NaN,NaN,NaN,NaN
3,0.5,0.52,10,NaN,NaN,NaN,NaN,NaN,NaN,NaN,NaN
3,0.5,0.52,10,NaN,NaN,NaN,NaN,NaN,NaN,NaN,NaN
3,0.5,0.52,10,NaN,NaN,NaN,NaN,NaN,NaN,NaN,NaN
3,0.5,0.52,10,NaN,NaN,NaN,NaN,NaN,NaN,NaN,NaN
3,0.5,0.52,10,NaN,NaN,NaN,NaN,NaN,NaN,NaN,NaN
3,0.5,0.52,10,NaN,NaN,NaN,NaN,NaN,NaN,NaN,NaN
3,0.5,0.52,10,NaN,NaN,NaN,NaN,NaN,NaN,NaN,NaN
3,0.5,0.52,10,NaN,NaN,NaN,NaN,NaN,NaN,NaN,NaN
3,0.5,0.52,10,NaN,NaN,NaN,NaN,NaN,NaN,NaN,NaN
3,0.5,0.52,10,NaN,NaN,NaN,NaN,NaN,NaN,NaN,NaN
3,0.5,0.52,10,NaN,NaN,NaN,NaN,NaN,NaN,NaN,NaN
3,0.5,0.52,10,NaN,NaN,NaN,NaN,NaN,NaN,NaN,NaN
3,0.5,0.52,10,NaN,NaN,NaN,NaN,NaN,NaN,NaN,NaN
3,0.5,0.52,10,NaN,NaN,NaN,NaN,NaN,NaN,NaN,NaN
4,0.5,0.52,10,1,97,23,75,437,632,NaN,0
4,0.5,0.52,10,1,77,31,77,447,543,1,1
4,0.5,0.52,10,1,80,47,103,402,395,1,1
4,0.5,0.52,10,1,75,23,82,452,333,0,0
4,0.5,0.52,10,1,102,49,88,393,613,1,1
4,0.5,0.52,10,1,107,23,77,425,317,1,1
4,0.5,0.52,10,1,101,53,100,378,281,1,1
4,0.5,0.52,10,1,82,35,75,440,277,1,1
4,0.5,0.52,10,1,94,55,75,408,269,1,1
4,0.5,0.52,10,1,83,23,107,419,493,0,0
4,0.5,0.52,10,1,90,42,98,402,632,NaN,0
4,0.5,0.52,10,1,75,50,90,417,319,1,1
4,0.5,0.52,10,1,85,27,85,435,351,1,1
4,0.5,0.52,10,1,75,26,79,452,429,0,0
4,0.5,0.52,10,1,270,51,83,228,605,1,1
4,0.5,0.52,10,1,104,41,93,394,632,NaN,1
4,0.5,0.52,10,1,81,28,94,429,275,0,0
4,0.5,0.52,10,1,103,23,270,236,632,NaN,0
4,0.5,0.52,10,1,79,52,80,421,632,NaN,1
4,0.5,0.52,10,1,84,43,104,401,325,0,0
4,0.5,0.52,10,1,75,218,96,243,275,1,1
4,0.5,0.52,10,1,75,29,83,445,632,NaN,1
4,0.5,0.52,10,1,75,27,97,433,347,1,1
4,0.5,0.52,10,1,88,30,78,436,181,0,0
4,0.5,0.52,10,1,80,23,81,448,435,1,1
4,0.5,0.52,10,0,86,34,86,426,327,1,1
4,0.5,0.52,10,0,95,32,81,424,405,0,0
4,0.5,0.52,10,0,96,31,105,400,553,0,0
4,0.5,0.52,10,0,84,44,102,402,275,1,1
4,0.5,0.52,10,0,77,23,75,457,617,0,0
4,0.5,0.52,10,0,81,45,75,431,632,NaN,1
4,0.5,0.52,10,0,76,30,101,425,253,0,0
4,0.5,0.52,10,0,85,38,80,429,341,1,1
4,0.5,0.52,10,0,100,33,99,400,421,1,1
4,0.5,0.52,10,0,82,25,95,430,251,1,1
4,0.5,0.52,10,0,75,33,78,446,267,1,1
4,0.5,0.52,10,0,93,48,84,407,247,1,1
4,0.5,0.52,10,0,87,23,82,440,425,1,1
4,0.5,0.52,10,0,106,26,79,421,361,1,1
4,0.5,0.52,10,0,78,54,91,409,255,0,0
4,0.5,0.52,10,0,89,39,85,419,617,1,1
4,0.5,0.52,10,0,75,25,89,443,529,1,1
4,0.5,0.52,10,0,79,32,75,446,399,1,1
4,0.5,0.52,10,0,105,37,75,415,263,1,1
4,0.5,0.52,10,0,91,29,84,428,487,1,1
4,0.5,0.52,10,0,98,46,87,401,439,1,1
4,0.5,0.52,10,0,92,36,92,412,335,0,0
4,0.5,0.52,10,0,78,28,106,420,337,1,1
4,0.5,0.52,10,0,83,40,75,434,231,1,1
4,0.5,0.52,10,0,99,24,76,433,539,0,0
4,0.5,0.52,10,NaN,NaN,NaN,NaN,NaN,NaN,NaN,NaN
4,0.5,0.52,10,NaN,NaN,NaN,NaN,NaN,NaN,NaN,NaN
4,0.5,0.52,10,NaN,NaN,NaN,NaN,NaN,NaN,NaN,NaN
4,0.5,0.52,10,NaN,NaN,NaN,NaN,NaN,NaN,NaN,NaN
4,0.5,0.52,10,NaN,NaN,NaN,NaN,NaN,NaN,NaN,NaN
4,0.5,0.52,10,NaN,NaN,NaN,NaN,NaN,NaN,NaN,NaN
4,0.5,0.52,10,NaN,NaN,NaN,NaN,NaN,NaN,NaN,NaN
4,0.5,0.52,10,NaN,NaN,NaN,NaN,NaN,NaN,NaN,NaN
4,0.5,0.52,10,NaN,NaN,NaN,NaN,NaN,NaN,NaN,NaN
4,0.5,0.52,10,NaN,NaN,NaN,NaN,NaN,NaN,NaN,NaN
4,0.5,0.52,10,NaN,NaN,NaN,NaN,NaN,NaN,NaN,NaN
4,0.5,0.52,10,NaN,NaN,NaN,NaN,NaN,NaN,NaN,NaN
4,0.5,0.52,10,NaN,NaN,NaN,NaN,NaN,NaN,NaN,NaN
4,0.5,0.52,10,NaN,NaN,NaN,NaN,NaN,NaN,NaN,NaN
4,0.5,0.52,10,NaN,NaN,NaN,NaN,NaN,NaN,NaN,NaN
4,0.5,0.52,10,NaN,NaN,NaN,NaN,NaN,NaN,NaN,NaN
4,0.5,0.52,10,NaN,NaN,NaN,NaN,NaN,NaN,NaN,NaN
4,0.5,0.52,10,NaN,NaN,NaN,NaN,NaN,NaN,NaN,NaN
4,0.5,0.52,10,NaN,NaN,NaN,NaN,NaN,NaN,NaN,NaN
4,0.5,0.52,10,NaN,NaN,NaN,NaN,NaN,NaN,NaN,NaN
4,0.5,0.52,10,NaN,NaN,NaN,NaN,NaN,NaN,NaN,NaN
4,0.5,0.52,10,NaN,NaN,NaN,NaN,NaN,NaN,NaN,NaN
4,0.5,0.52,10,NaN,NaN,NaN,NaN,NaN,NaN,NaN,NaN
4,0.5,0.52,10,NaN,NaN,NaN,NaN,NaN,NaN,NaN,NaN
4,0.5,0.52,10,NaN,NaN,NaN,NaN,NaN,NaN,NaN,NaN
4,0.5,0.52,10,NaN,NaN,NaN,NaN,NaN,NaN,NaN,NaN
4,0.5,0.52,10,NaN,NaN,NaN,NaN,NaN,NaN,NaN,NaN
4,0.5,0.52,10,NaN,NaN,NaN,NaN,NaN,NaN,NaN,NaN
4,0.5,0.52,10,NaN,NaN,NaN,NaN,NaN,NaN,NaN,NaN
4,0.5,0.52,10,NaN,NaN,NaN,NaN,NaN,NaN,NaN,NaN
4,0.5,0.52,10,NaN,NaN,NaN,NaN,NaN,NaN,NaN,NaN
4,0.5,0.52,10,NaN,NaN,NaN,NaN,NaN,NaN,NaN,NaN
4,0.5,0.52,10,NaN,NaN,NaN,NaN,NaN,NaN,NaN,NaN
4,0.5,0.52,10,NaN,NaN,NaN,NaN,NaN,NaN,NaN,NaN
4,0.5,0.52,10,NaN,NaN,NaN,NaN,NaN,NaN,NaN,NaN
4,0.5,0.52,10,NaN,NaN,NaN,NaN,NaN,NaN,NaN,NaN
4,0.5,0.52,10,NaN,NaN,NaN,NaN,NaN,NaN,NaN,NaN
4,0.5,0.52,10,NaN,NaN,NaN,NaN,NaN,NaN,NaN,NaN
4,0.5,0.52,10,NaN,NaN,NaN,NaN,NaN,NaN,NaN,NaN
4,0.5,0.52,10,NaN,NaN,NaN,NaN,NaN,NaN,NaN,NaN
4,0.5,0.52,10,NaN,NaN,NaN,NaN,NaN,NaN,NaN,NaN
4,0.5,0.52,10,NaN,NaN,NaN,NaN,NaN,NaN,NaN,NaN
4,0.5,0.52,10,NaN,NaN,NaN,NaN,NaN,NaN,NaN,NaN
4,0.5,0.52,10,NaN,NaN,NaN,NaN,NaN,NaN,NaN,NaN
4,0.5,0.52,10,NaN,NaN,NaN,NaN,NaN,NaN,NaN,NaN
4,0.5,0.52,10,NaN,NaN,NaN,NaN,NaN,NaN,NaN,NaN
4,0.5,0.52,10,NaN,NaN,NaN,NaN,NaN,NaN,NaN,NaN
4,0.5,0.52,10,NaN,NaN,NaN,NaN,NaN,NaN,NaN,NaN
4,0.5,0.52,10,NaN,NaN,NaN,NaN,NaN,NaN,NaN,NaN
4,0.5,0.52,10,NaN,NaN,NaN,NaN,NaN,NaN,NaN,NaN
5,0.5,0.52,10,1,75,54,89,414,265,1,1
5,0.5,0.52,10,1,103,33,96,400,632,NaN,0
5,0.5,0.52,10,1,87,32,107,406,455,0,0
5,0.5,0.52,10,1,75,26,86,445,632,NaN,0
5,0.5,0.52,10,1,75,25,83,449,341,1,1
5,0.5,0.52,10,1,88,43,76,425,259,0,0
5,0.5,0.52,10,1,93,29,91,419,435,1,1
5,0.5,0.52,10,1,75,53,78,426,127,0,0
5,0.5,0.52,10,1,77,47,79,429,267,0,0
5,0.5,0.52,10,1,94,39,99,400,217,0,0
5,0.5,0.52,10,1,84,23,84,441,589,0,0
5,0.5,0.52,10,1,105,23,80,424,289,1,1
5,0.5,0.52,10,1,98,27,93,414,451,0,0
5,0.5,0.52,10,1,76,52,82,422,515,0,0
5,0.5,0.52,10,1,81,41,270,240,501,1,1
5,0.5,0.52,10,1,85,30,75,442,632,NaN,1
5,0.5,0.52,10,1,91,30,82,429,631,0,0
5,0.5,0.52,10,1,75,44,85,428,632,NaN,0
5,0.5,0.52,10,1,96,27,77,432,333,1,1
5,0.5,0.52,10,1,102,28,104,398,357,1,1
5,0.5,0.52,10,1,79,23,98,432,409,1,1
5,0.5,0.52,10,1,80,23,106,423,447,0,0
5,0.5,0.52,10,1,79,23,100,430,479,1,1
5,0.5,0.52,10,1,95,29,105,403,495,0,0
5,0.5,0.52,10,1,83,31,81,437,411,1,1
5,0.5,0.52,10,0,82,36,75,439,301,0,0
5,0.5,0.52,10,0,81,26,80,445,219,1,1
5,0.5,0.52,10,0,80,37,88,427,632,NaN,0
5,0.5,0.52,10,0,92,31,75,434,589,1,1
5,0.5,0.52,10,0,100,32,75,425,309,0,0
5,0.5,0.52,10,0,101,42,92,397,357,1,1
5,0.5,0.52,10,0,82,35,75,440,632,NaN,1
5,0.5,0.52,10,0,84,51,75,422,459,1,1
5,0.5,0.52,10,0,99,50,77,406,632,NaN,0
5,0.5,0.52,10,0,75,40,75,442,632,NaN,0
5,0.5,0.52,10,0,75,49,103,405,299,0,0
5,0.5,0.52,10,0,104,45,78,405,419,1,1
5,0.5,0.52,10,0,78,23,90,441,632,NaN,1
5,0.5,0.52,10,0,85,23,79,445,325,1,1
5,0.5,0.52,10,0,97,34,101,400,283,0,0
5,0.5,0.52,10,0,270,28,75,259,632,NaN,1
5,0.5,0.52,10,0,90,23,94,425,303,0,0
5,0.5,0.52,10,0,78,48,84,422,231,1,1
5,0.5,0.52,10,0,75,33,95,429,457,1,1
5,0.5,0.52,10,0,77,46,102,407,325,0,0
5,0.5,0.52,10,0,106,55,97,374,632,NaN,1
5,0.5,0.52,10,0,107,218,85,222,632,NaN,0
5,0.5,0.52,10,0,89,25,83,435,491,1,1
5,0.5,0.52,10,0,86,24,81,441,632,NaN,1
5,0.5,0.52,10,0,83,38,87,424,299,1,1
5,0.5,0.52,10,NaN,NaN,NaN,NaN,NaN,NaN,NaN,NaN
5,0.5,0.52,10,NaN,NaN,NaN,NaN,NaN,NaN,NaN,NaN
5,0.5,0.52,10,NaN,NaN,NaN,NaN,NaN,NaN,NaN,NaN
5,0.5,0.52,10,NaN,NaN,NaN,NaN,NaN,NaN,NaN,NaN
5,0.5,0.52,10,NaN,NaN,NaN,NaN,NaN,NaN,NaN,NaN
5,0.5,0.52,10,NaN,NaN,NaN,NaN,NaN,NaN,NaN,NaN
5,0.5,0.52,10,NaN,NaN,NaN,NaN,NaN,NaN,NaN,NaN
5,0.5,0.52,10,NaN,NaN,NaN,NaN,NaN,NaN,NaN,NaN
5,0.5,0.52,10,NaN,NaN,NaN,NaN,NaN,NaN,NaN,NaN
5,0.5,0.52,10,NaN,NaN,NaN,NaN,NaN,NaN,NaN,NaN
5,0.5,0.52,10,NaN,NaN,NaN,NaN,NaN,NaN,NaN,NaN
5,0.5,0.52,10,NaN,NaN,NaN,NaN,NaN,NaN,NaN,NaN
5,0.5,0.52,10,NaN,NaN,NaN,NaN,NaN,NaN,NaN,NaN
5,0.5,0.52,10,NaN,NaN,NaN,NaN,NaN,NaN,NaN,NaN
5,0.5,0.52,10,NaN,NaN,NaN,NaN,NaN,NaN,NaN,NaN
5,0.5,0.52,10,NaN,NaN,NaN,NaN,NaN,NaN,NaN,NaN
5,0.5,0.52,10,NaN,NaN,NaN,NaN,NaN,NaN,NaN,NaN
5,0.5,0.52,10,NaN,NaN,NaN,NaN,NaN,NaN,NaN,NaN
5,0.5,0.52,10,NaN,NaN,NaN,NaN,NaN,NaN,NaN,NaN
5,0.5,0.52,10,NaN,NaN,NaN,NaN,NaN,NaN,NaN,NaN
5,0.5,0.52,10,NaN,NaN,NaN,NaN,NaN,NaN,NaN,NaN
5,0.5,0.52,10,NaN,NaN,NaN,NaN,NaN,NaN,NaN,NaN
5,0.5,0.52,10,NaN,NaN,NaN,NaN,NaN,NaN,NaN,NaN
5,0.5,0.52,10,NaN,NaN,NaN,NaN,NaN,NaN,NaN,NaN
5,0.5,0.52,10,NaN,NaN,NaN,NaN,NaN,NaN,NaN,NaN
5,0.5,0.52,10,NaN,NaN,NaN,NaN,NaN,NaN,NaN,NaN
5,0.5,0.52,10,NaN,NaN,NaN,NaN,NaN,NaN,NaN,NaN
5,0.5,0.52,10,NaN,NaN,NaN,NaN,NaN,NaN,NaN,NaN
5,0.5,0.52,10,NaN,NaN,NaN,NaN,NaN,NaN,NaN,NaN
5,0.5,0.52,10,NaN,NaN,NaN,NaN,NaN,NaN,NaN,NaN
5,0.5,0.52,10,NaN,NaN,NaN,NaN,NaN,NaN,NaN,NaN
5,0.5,0.52,10,NaN,NaN,NaN,NaN,NaN,NaN,NaN,NaN
5,0.5,0.52,10,NaN,NaN,NaN,NaN,NaN,NaN,NaN,NaN
5,0.5,0.52,10,NaN,NaN,NaN,NaN,NaN,NaN,NaN,NaN
5,0.5,0.52,10,NaN,NaN,NaN,NaN,NaN,NaN,NaN,NaN
5,0.5,0.52,10,NaN,NaN,NaN,NaN,NaN,NaN,NaN,NaN
5,0.5,0.52,10,NaN,NaN,NaN,NaN,NaN,NaN,NaN,NaN
5,0.5,0.52,10,NaN,NaN,NaN,NaN,NaN,NaN,NaN,NaN
5,0.5,0.52,10,NaN,NaN,NaN,NaN,NaN,NaN,NaN,NaN
5,0.5,0.52,10,NaN,NaN,NaN,NaN,NaN,NaN,NaN,NaN
5,0.5,0.52,10,NaN,NaN,NaN,NaN,NaN,NaN,NaN,NaN
5,0.5,0.52,10,NaN,NaN,NaN,NaN,NaN,NaN,NaN,NaN
5,0.5,0.52,10,NaN,NaN,NaN,NaN,NaN,NaN,NaN,NaN
5,0.5,0.52,10,NaN,NaN,NaN,NaN,NaN,NaN,NaN,NaN
5,0.5,0.52,10,NaN,NaN,NaN,NaN,NaN,NaN,NaN,NaN
5,0.5,0.52,10,NaN,NaN,NaN,NaN,NaN,NaN,NaN,NaN
5,0.5,0.52,10,NaN,NaN,NaN,NaN,NaN,NaN,NaN,NaN
5,0.5,0.52,10,NaN,NaN,NaN,NaN,NaN,NaN,NaN,NaN
5,0.5,0.52,10,NaN,NaN,NaN,NaN,NaN,NaN,NaN,NaN
5,0.5,0.52,10,NaN,NaN,NaN,NaN,NaN,NaN,NaN,NaN
6,0.5,0.52,10,1,100,25,85,422,345,0,0
6,0.5,0.52,10,1,90,44,99,399,632,NaN,1
6,0.5,0.52,10,1,81,33,90,428,529,1,1
6,0.5,0.52,10,1,75,23,83,451,632,NaN,1
6,0.5,0.52,10,1,98,24,105,405,632,NaN,1
6,0.5,0.52,10,1,92,23,79,438,375,1,1
6,0.5,0.52,10,1,83,53,88,408,632,NaN,0
6,0.5,0.52,10,1,97,54,97,384,397,1,1
6,0.5,0.52,10,1,85,37,78,432,451,0,0
6,0.5,0.52,10,1,89,28,77,438,359,1,1
6,0.5,0.52,10,1,78,31,102,421,543,1,1
6,0.5,0.52,10,1,106,48,104,374,355,1,1
6,0.5,0.52,10,1,75,42,87,428,632,NaN,0
6,0.5,0.52,10,1,101,32,92,407,353,1,1
6,0.5,0.52,10,1,78,36,75,443,433,1,1
6,0.5,0.52,10,1,75,27,101,429,325,1,1
6,0.5,0.52,10,1,82,29,95,426,609,1,1
6,0.5,0.52,10,1,81,41,75,435,632,NaN,0
6,0.5,0.52,10,1,75,31,81,445,291,1,1
6,0.5,0.52,10,1,94,218,81,239,231,1,1
6,0.5,0.52,10,1,75,47,77,433,307,1,1
6,0.5,0.52,10,1,80,23,82,447,277,1,1
6,0.5,0.52,10,1,77,28,80,447,307,0,0
6,0.5,0.52,10,1,83,30,98,421,632,NaN,0
6,0.5,0.52,10,1,95,29,75,433,269,1,1
6,0.5,0.52,10,0,105,26,76,425,261,0,0
6,0.5,0.52,10,0,93,23,83,433,311,0,0
6,0.5,0.52,10,0,86,30,75,441,259,1,1
6,0.5,0.52,10,0,84,25,84,439,457,1,1
6,0.5,0.52,10,0,88,27,75,442,273,0,0
6,0.5,0.52,10,0,99,45,106,382,559,1,1
6,0.5,0.52,10,0,107,32,84,409,285,1,1
6,0.5,0.52,10,0,270,50,75,237,632,NaN,1
6,0.5,0.52,10,0,102,46,78,406,573,1,1
6,0.5,0.52,10,0,84,49,100,399,133,1,1
6,0.5,0.52,10,0,104,34,107,387,632,NaN,0
6,0.5,0.52,10,0,79,26,270,257,632,NaN,0
6,0.5,0.52,10,0,96,23,80,433,277,1,1
6,0.5,0.52,10,0,103,38,103,388,267,1,1
6,0.5,0.52,10,0,75,43,89,425,253,1,1
6,0.5,0.52,10,0,79,23,82,448,321,1,1
6,0.5,0.52,10,0,80,55,75,422,571,1,1
6,0.5,0.52,10,0,76,35,79,442,373,1,1
6,0.5,0.52,10,0,85,52,86,409,353,0,0
6,0.5,0.52,10,0,77,23,75,457,223,1,1
6,0.5,0.52,10,0,91,40,96,405,632,NaN,1
6,0.5,0.52,10,0,87,23,94,428,583,0,0
6,0.5,0.52,10,0,82,51,85,414,601,1,1
6,0.5,0.52,10,0,75,33,93,431,391,1,1
6,0.5,0.52,10,0,75,39,91,427,237,1,1
6,0.5,0.52,10,NaN,NaN,NaN,NaN,NaN,NaN,NaN,NaN
6,0.5,0.52,10,NaN,NaN,NaN,NaN,NaN,NaN,NaN,NaN
6,0.5,0.52,10,NaN,NaN,NaN,NaN,NaN,NaN,NaN,NaN
6,0.5,0.52,10,NaN,NaN,NaN,NaN,NaN,NaN,NaN,NaN
6,0.5,0.52,10,NaN,NaN,NaN,NaN,NaN,NaN,NaN,NaN
6,0.5,0.52,10,NaN,NaN,NaN,NaN,NaN,NaN,NaN,NaN
6,0.5,0.52,10,NaN,NaN,NaN,NaN,NaN,NaN,NaN,NaN
6,0.5,0.52,10,NaN,NaN,NaN,NaN,NaN,NaN,NaN,NaN
6,0.5,0.52,10,NaN,NaN,NaN,NaN,NaN,NaN,NaN,NaN
6,0.5,0.52,10,NaN,NaN,NaN,NaN,NaN,NaN,NaN,NaN
6,0.5,0.52,10,NaN,NaN,NaN,NaN,NaN,NaN,NaN,NaN
6,0.5,0.52,10,NaN,NaN,NaN,NaN,NaN,NaN,NaN,NaN
6,0.5,0.52,10,NaN,NaN,NaN,NaN,NaN,NaN,NaN,NaN
6,0.5,0.52,10,NaN,NaN,NaN,NaN,NaN,NaN,NaN,NaN
6,0.5,0.52,10,NaN,NaN,NaN,NaN,NaN,NaN,NaN,NaN
6,0.5,0.52,10,NaN,NaN,NaN,NaN,NaN,NaN,NaN,NaN
6,0.5,0.52,10,NaN,NaN,NaN,NaN,NaN,NaN,NaN,NaN
6,0.5,0.52,10,NaN,NaN,NaN,NaN,NaN,NaN,NaN,NaN
6,0.5,0.52,10,NaN,NaN,NaN,NaN,NaN,NaN,NaN,NaN
6,0.5,0.52,10,NaN,NaN,NaN,NaN,NaN,NaN,NaN,NaN
6,0.5,0.52,10,NaN,NaN,NaN,NaN,NaN,NaN,NaN,NaN
6,0.5,0.52,10,NaN,NaN,NaN,NaN,NaN,NaN,NaN,NaN
6,0.5,0.52,10,NaN,NaN,NaN,NaN,NaN,NaN,NaN,NaN
6,0.5,0.52,10,NaN,NaN,NaN,NaN,NaN,NaN,NaN,NaN
6,0.5,0.52,10,NaN,NaN,NaN,NaN,NaN,NaN,NaN,NaN
6,0.5,0.52,10,NaN,NaN,NaN,NaN,NaN,NaN,NaN,NaN
6,0.5,0.52,10,NaN,NaN,NaN,NaN,NaN,NaN,NaN,NaN
6,0.5,0.52,10,NaN,NaN,NaN,NaN,NaN,NaN,NaN,NaN
6,0.5,0.52,10,NaN,NaN,NaN,NaN,NaN,NaN,NaN,NaN
6,0.5,0.52,10,NaN,NaN,NaN,NaN,NaN,NaN,NaN,NaN
6,0.5,0.52,10,NaN,NaN,NaN,NaN,NaN,NaN,NaN,NaN
6,0.5,0.52,10,NaN,NaN,NaN,NaN,NaN,NaN,NaN,NaN
6,0.5,0.52,10,NaN,NaN,NaN,NaN,NaN,NaN,NaN,NaN
6,0.5,0.52,10,NaN,NaN,NaN,NaN,NaN,NaN,NaN,NaN
6,0.5,0.52,10,NaN,NaN,NaN,NaN,NaN,NaN,NaN,NaN
6,0.5,0.52,10,NaN,NaN,NaN,NaN,NaN,NaN,NaN,NaN
6,0.5,0.52,10,NaN,NaN,NaN,NaN,NaN,NaN,NaN,NaN
6,0.5,0.52,10,NaN,NaN,NaN,NaN,NaN,NaN,NaN,NaN
6,0.5,0.52,10,NaN,NaN,NaN,NaN,NaN,NaN,NaN,NaN
6,0.5,0.52,10,NaN,NaN,NaN,NaN,NaN,NaN,NaN,NaN
6,0.5,0.52,10,NaN,NaN,NaN,NaN,NaN,NaN,NaN,NaN
6,0.5,0.52,10,NaN,NaN,NaN,NaN,NaN,NaN,NaN,NaN
6,0.5,0.52,10,NaN,NaN,NaN,NaN,NaN,NaN,NaN,NaN
6,0.5,0.52,10,NaN,NaN,NaN,NaN,NaN,NaN,NaN,NaN
6,0.5,0.52,10,NaN,NaN,NaN,NaN,NaN,NaN,NaN,NaN
6,0.5,0.52,10,NaN,NaN,NaN,NaN,NaN,NaN,NaN,NaN
6,0.5,0.52,10,NaN,NaN,NaN,NaN,NaN,NaN,NaN,NaN
6,0.5,0.52,10,NaN,NaN,NaN,NaN,NaN,NaN,NaN,NaN
6,0.5,0.52,10,NaN,NaN,NaN,NaN,NaN,NaN,NaN,NaN
6,0.5,0.52,10,NaN,NaN,NaN,NaN,NaN,NaN,NaN,NaN
7,0.5,0.52,10,1,93,43,81,415,365,1,1
7,0.5,0.52,10,1,106,26,80,420,365,1,1
7,0.5,0.52,10,1,82,29,105,416,632,NaN,1
7,0.5,0.52,10,1,102,52,84,394,379,1,1
7,0.5,0.52,10,1,80,27,75,450,317,0,0
7,0.5,0.52,10,1,81,34,86,431,233,1,1
7,0.5,0.52,10,1,101,30,75,426,407,1,1
7,0.5,0.52,10,1,78,40,75,439,437,1,1
7,0.5,0.52,10,1,105,23,83,421,632,NaN,0
7,0.5,0.52,10,1,98,53,75,406,347,0,0
7,0.5,0.52,10,1,75,41,87,429,443,1,1
7,0.5,0.52,10,1,77,46,104,405,299,1,1
7,0.5,0.52,10,1,75,33,96,428,301,0,0
7,0.5,0.52,10,1,88,32,101,411,579,0,0
7,0.5,0.52,10,1,91,31,84,426,433,1,1
7,0.5,0.52,10,1,270,28,75,259,632,NaN,1
7,0.5,0.52,10,1,79,50,79,424,409,1,1
7,0.5,0.52,10,1,89,25,75,443,357,1,1
7,0.5,0.52,10,1,75,23,99,435,391,0,0
7,0.5,0.52,10,1,85,45,106,396,421,0,0
7,0.5,0.52,10,1,90,218,77,247,169,1,1
7,0.5,0.52,10,1,83,48,85,416,339,1,1
7,0.5,0.52,10,1,80,44,83,425,407,1,1
7,0.5,0.52,10,1,97,23,103,409,487,1,1
7,0.5,0.52,10,1,107,29,88,408,299,0,0
7,0.5,0.52,10,0,100,37,81,414,181,0,0
7,0.5,0.52,10,0,84,49,82,417,145,1,1
7,0.5,0.52,10,0,75,26,90,441,277,1,1
7,0.5,0.52,10,0,86,32,94,420,225,0,0
7,0.5,0.52,10,0,76,55,77,424,632,NaN,1
7,0.5,0.52,10,0,82,36,75,439,605,1,1
7,0.5,0.52,10,0,75,35,89,433,445,1,1
7,0.5,0.52,10,0,96,47,98,391,143,1,1
7,0.5,0.52,10,0,85,39,78,430,133,1,1
7,0.5,0.52,10,0,104,23,93,412,632,NaN,1
7,0.5,0.52,10,0,75,38,91,428,632,NaN,1
7,0.5,0.52,10,0,84,31,76,441,632,NaN,1
7,0.5,0.52,10,0,94,51,92,395,427,0,0
7,0.5,0.52,10,0,95,30,79,428,632,NaN,1
7,0.5,0.52,10,0,87,23,270,252,265,1,1
7,0.5,0.52,10,0,92,33,78,429,632,NaN,0
7,0.5,0.52,10,0,99,42,82,409,339,1,1
7,0.5,0.52,10,0,83,28,102,419,367,1,1
7,0.5,0.52,10,0,79,27,107,419,397,1,1
7,0.5,0.52,10,0,81,24,85,442,463,0,0
7,0.5,0.52,10,0,75,54,80,423,117,0,0
7,0.5,0.52,10,0,78,23,95,436,237,1,1
7,0.5,0.52,10,0,75,23,100,434,269,1,1
7,0.5,0.52,10,0,77,25,75,455,531,1,1
7,0.5,0.52,10,0,103,23,97,409,251,0,0
7,0.5,0.52,10,NaN,NaN,NaN,NaN,NaN,NaN,NaN,NaN
7,0.5,0.52,10,NaN,NaN,NaN,NaN,NaN,NaN,NaN,NaN
7,0.5,0.52,10,NaN,NaN,NaN,NaN,NaN,NaN,NaN,NaN
7,0.5,0.52,10,NaN,NaN,NaN,NaN,NaN,NaN,NaN,NaN
7,0.5,0.52,10,NaN,NaN,NaN,NaN,NaN,NaN,NaN,NaN
7,0.5,0.52,10,NaN,NaN,NaN,NaN,NaN,NaN,NaN,NaN
7,0.5,0.52,10,NaN,NaN,NaN,NaN,NaN,NaN,NaN,NaN
7,0.5,0.52,10,NaN,NaN,NaN,NaN,NaN,NaN,NaN,NaN
7,0.5,0.52,10,NaN,NaN,NaN,NaN,NaN,NaN,NaN,NaN
7,0.5,0.52,10,NaN,NaN,NaN,NaN,NaN,NaN,NaN,NaN
7,0.5,0.52,10,NaN,NaN,NaN,NaN,NaN,NaN,NaN,NaN
7,0.5,0.52,10,NaN,NaN,NaN,NaN,NaN,NaN,NaN,NaN
7,0.5,0.52,10,NaN,NaN,NaN,NaN,NaN,NaN,NaN,NaN
7,0.5,0.52,10,NaN,NaN,NaN,NaN,NaN,NaN,NaN,NaN
7,0.5,0.52,10,NaN,NaN,NaN,NaN,NaN,NaN,NaN,NaN
7,0.5,0.52,10,NaN,NaN,NaN,NaN,NaN,NaN,NaN,NaN
7,0.5,0.52,10,NaN,NaN,NaN,NaN,NaN,NaN,NaN,NaN
7,0.5,0.52,10,NaN,NaN,NaN,NaN,NaN,NaN,NaN,NaN
7,0.5,0.52,10,NaN,NaN,NaN,NaN,NaN,NaN,NaN,NaN
7,0.5,0.52,10,NaN,NaN,NaN,NaN,NaN,NaN,NaN,NaN
7,0.5,0.52,10,NaN,NaN,NaN,NaN,NaN,NaN,NaN,NaN
7,0.5,0.52,10,NaN,NaN,NaN,NaN,NaN,NaN,NaN,NaN
7,0.5,0.52,10,NaN,NaN,NaN,NaN,NaN,NaN,NaN,NaN
7,0.5,0.52,10,NaN,NaN,NaN,NaN,NaN,NaN,NaN,NaN
7,0.5,0.52,10,NaN,NaN,NaN,NaN,NaN,NaN,NaN,NaN
7,0.5,0.52,10,NaN,NaN,NaN,NaN,NaN,NaN,NaN,NaN
7,0.5,0.52,10,NaN,NaN,NaN,NaN,NaN,NaN,NaN,NaN
7,0.5,0.52,10,NaN,NaN,NaN,NaN,NaN,NaN,NaN,NaN
7,0.5,0.52,10,NaN,NaN,NaN,NaN,NaN,NaN,NaN,NaN
7,0.5,0.52,10,NaN,NaN,NaN,NaN,NaN,NaN,NaN,NaN
7,0.5,0.52,10,NaN,NaN,NaN,NaN,NaN,NaN,NaN,NaN
7,0.5,0.52,10,NaN,NaN,NaN,NaN,NaN,NaN,NaN,NaN
7,0.5,0.52,10,NaN,NaN,NaN,NaN,NaN,NaN,NaN,NaN
7,0.5,0.52,10,NaN,NaN,NaN,NaN,NaN,NaN,NaN,NaN
7,0.5,0.52,10,NaN,NaN,NaN,NaN,NaN,NaN,NaN,NaN
7,0.5,0.52,10,NaN,NaN,NaN,NaN,NaN,NaN,NaN,NaN
7,0.5,0.52,10,NaN,NaN,NaN,NaN,NaN,NaN,NaN,NaN
7,0.5,0.52,10,NaN,NaN,NaN,NaN,NaN,NaN,NaN,NaN
7,0.5,0.52,10,NaN,NaN,NaN,NaN,NaN,NaN,NaN,NaN
7,0.5,0.52,10,NaN,NaN,NaN,NaN,NaN,NaN,NaN,NaN
7,0.5,0.52,10,NaN,NaN,NaN,NaN,NaN,NaN,NaN,NaN
7,0.5,0.52,10,NaN,NaN,NaN,NaN,NaN,NaN,NaN,NaN
7,0.5,0.52,10,NaN,NaN,NaN,NaN,NaN,NaN,NaN,NaN
7,0.5,0.52,10,NaN,NaN,NaN,NaN,NaN,NaN,NaN,NaN
7,0.5,0.52,10,NaN,NaN,NaN,NaN,NaN,NaN,NaN,NaN
7,0.5,0.52,10,NaN,NaN,NaN,NaN,NaN,NaN,NaN,NaN
7,0.5,0.52,10,NaN,NaN,NaN,NaN,NaN,NaN,NaN,NaN
7,0.5,0.52,10,NaN,NaN,NaN,NaN,NaN,NaN,NaN,NaN
7,0.5,0.52,10,NaN,NaN,NaN,NaN,NaN,NaN,NaN,NaN
7,0.5,0.52,10,NaN,NaN,NaN,NaN,NaN,NaN,NaN,NaN
8,0.5,0.52,10,1,75,53,95,409,531,1,1
8,0.5,0.52,10,1,84,48,94,406,421,1,1
8,0.5,0.52,10,1,88,52,82,410,632,NaN,0
8,0.5,0.52,10,1,104,45,77,406,375,0,0
8,0.5,0.52,10,1,91,23,85,433,585,1,1
8,0.5,0.52,10,1,78,32,75,447,632,NaN,0
8,0.5,0.52,10,1,84,26,102,420,385,1,1
8,0.5,0.52,10,1,85,26,76,445,259,1,1
8,0.5,0.52,10,1,75,25,105,427,209,1,1
8,0.5,0.52,10,1,81,37,75,439,111,0,0
8,0.5,0.52,10,1,82,55,86,409,277,1,1
8,0.5,0.52,10,1,85,23,81,443,511,1,1
8,0.5,0.52,10,1,86,28,83,435,397,0,0
8,0.5,0.52,10,1,90,41,80,421,359,0,0
8,0.5,0.52,10,1,100,51,83,398,145,0,0
8,0.5,0.52,10,1,98,30,79,425,361,1,1
8,0.5,0.52,10,1,89,47,75,421,555,1,1
8,0.5,0.52,10,1,78,23,75,456,632,NaN,1
8,0.5,0.52,10,1,106,27,75,424,313,0,0
8,0.5,0.52,10,1,93,39,87,413,632,NaN,0
8,0.5,0.52,10,1,102,43,92,395,251,1,1
8,0.5,0.52,10,1,76,23,89,444,385,0,0
8,0.5,0.52,10,1,81,29,101,421,381,0,0
8,0.5,0.52,10,1,270,33,75,254,399,0,0
8,0.5,0.52,10,1,75,35,75,447,632,NaN,1
8,0.5,0.52,10,0,105,32,81,414,265,1,1
8,0.5,0.52,10,0,103,218,99,212,193,1,1
8,0.5,0.52,10,0,97,24,93,418,307,1,1
8,0.5,0.52,10,0,79,50,79,424,632,NaN,1
8,0.5,0.52,10,0,75,28,106,423,293,1,1
8,0.5,0.52,10,0,99,42,77,414,487,1,1
8,0.5,0.52,10,0,94,31,96,411,427,1,1
8,0.5,0.52,10,0,75,40,78,439,339,1,1
8,0.5,0.52,10,0,101,49,85,397,632,NaN,1
8,0.5,0.52,10,0,96,23,80,433,221,0,0
8,0.5,0.52,10,0,83,27,75,447,327,1,1
8,0.5,0.52,10,0,75,54,270,233,313,1,1
8,0.5,0.52,10,0,83,38,84,427,505,0,0
8,0.5,0.52,10,0,80,36,104,412,632,NaN,0
8,0.5,0.52,10,0,77,31,82,442,632,NaN,0
8,0.5,0.52,10,0,80,25,91,436,429,1,1
8,0.5,0.52,10,0,107,23,84,418,313,1,1
8,0.5,0.52,10,0,82,44,97,409,241,1,1
8,0.5,0.52,10,0,92,23,98,419,303,1,1
8,0.5,0.52,10,0,75,33,103,421,231,0,0
8,0.5,0.52,10,0,87,34,100,411,247,1,1
8,0.5,0.52,10,0,75,46,78,433,632,NaN,0
8,0.5,0.52,10,0,95,30,88,419,577,1,1
8,0.5,0.52,10,0,77,29,107,419,632,NaN,0
8,0.5,0.52,10,0,79,23,90,440,561,1,1
8,0.5,0.52,10,NaN,NaN,NaN,NaN,NaN,NaN,NaN,NaN
8,0.5,0.52,10,NaN,NaN,NaN,NaN,NaN,NaN,NaN,NaN
8,0.5,0.52,10,NaN,NaN,NaN,NaN,NaN,NaN,NaN,NaN
8,0.5,0.52,10,NaN,NaN,NaN,NaN,NaN,NaN,NaN,NaN
8,0.5,0.52,10,NaN,NaN,NaN,NaN,NaN,NaN,NaN,NaN
8,0.5,0.52,10,NaN,NaN,NaN,NaN,NaN,NaN,NaN,NaN
8,0.5,0.52,10,NaN,NaN,NaN,NaN,NaN,NaN,NaN,NaN
8,0.5,0.52,10,NaN,NaN,NaN,NaN,NaN,NaN,NaN,NaN
8,0.5,0.52,10,NaN,NaN,NaN,NaN,NaN,NaN,NaN,NaN
8,0.5,0.52,10,NaN,NaN,NaN,NaN,NaN,NaN,NaN,NaN
8,0.5,0.52,10,NaN,NaN,NaN,NaN,NaN,NaN,NaN,NaN
8,0.5,0.52,10,NaN,NaN,NaN,NaN,NaN,NaN,NaN,NaN
8,0.5,0.52,10,NaN,NaN,NaN,NaN,NaN,NaN,NaN,NaN
8,0.5,0.52,10,NaN,NaN,NaN,NaN,NaN,NaN,NaN,NaN
8,0.5,0.52,10,NaN,NaN,NaN,NaN,NaN,NaN,NaN,NaN
8,0.5,0.52,10,NaN,NaN,NaN,NaN,NaN,NaN,NaN,NaN
8,0.5,0.52,10,NaN,NaN,NaN,NaN,NaN,NaN,NaN,NaN
8,0.5,0.52,10,NaN,NaN,NaN,NaN,NaN,NaN,NaN,NaN
8,0.5,0.52,10,NaN,NaN,NaN,NaN,NaN,NaN,NaN,NaN
8,0.5,0.52,10,NaN,NaN,NaN,NaN,NaN,NaN,NaN,NaN
8,0.5,0.52,10,NaN,NaN,NaN,NaN,NaN,NaN,NaN,NaN
8,0.5,0.52,10,NaN,NaN,NaN,NaN,NaN,NaN,NaN,NaN
8,0.5,0.52,10,NaN,NaN,NaN,NaN,NaN,NaN,NaN,NaN
8,0.5,0.52,10,NaN,NaN,NaN,NaN,NaN,NaN,NaN,NaN
8,0.5,0.52,10,NaN,NaN,NaN,NaN,NaN,NaN,NaN,NaN
8,0.5,0.52,10,NaN,NaN,NaN,NaN,NaN,NaN,NaN,NaN
8,0.5,0.52,10,NaN,NaN,NaN,NaN,NaN,NaN,NaN,NaN
8,0.5,0.52,10,NaN,NaN,NaN,NaN,NaN,NaN,NaN,NaN
8,0.5,0.52,10,NaN,NaN,NaN,NaN,NaN,NaN,NaN,NaN
8,0.5,0.52,10,NaN,NaN,NaN,NaN,NaN,NaN,NaN,NaN
8,0.5,0.52,10,NaN,NaN,NaN,NaN,NaN,NaN,NaN,NaN
8,0.5,0.52,10,NaN,NaN,NaN,NaN,NaN,NaN,NaN,NaN
8,0.5,0.52,10,NaN,NaN,NaN,NaN,NaN,NaN,NaN,NaN
8,0.5,0.52,10,NaN,NaN,NaN,NaN,NaN,NaN,NaN,NaN
8,0.5,0.52,10,NaN,NaN,NaN,NaN,NaN,NaN,NaN,NaN
8,0.5,0.52,10,NaN,NaN,NaN,NaN,NaN,NaN,NaN,NaN
8,0.5,0.52,10,NaN,NaN,NaN,NaN,NaN,NaN,NaN,NaN
8,0.5,0.52,10,NaN,NaN,NaN,NaN,NaN,NaN,NaN,NaN
8,0.5,0.52,10,NaN,NaN,NaN,NaN,NaN,NaN,NaN,NaN
8,0.5,0.52,10,NaN,NaN,NaN,NaN,NaN,NaN,NaN,NaN
8,0.5,0.52,10,NaN,NaN,NaN,NaN,NaN,NaN,NaN,NaN
8,0.5,0.52,10,NaN,NaN,NaN,NaN,NaN,NaN,NaN,NaN
8,0.5,0.52,10,NaN,NaN,NaN,NaN,NaN,NaN,NaN,NaN
8,0.5,0.52,10,NaN,NaN,NaN,NaN,NaN,NaN,NaN,NaN
8,0.5,0.52,10,NaN,NaN,NaN,NaN,NaN,NaN,NaN,NaN
8,0.5,0.52,10,NaN,NaN,NaN,NaN,NaN,NaN,NaN,NaN
8,0.5,0.52,10,NaN,NaN,NaN,NaN,NaN,NaN,NaN,NaN
8,0.5,0.52,10,NaN,NaN,NaN,NaN,NaN,NaN,NaN,NaN
8,0.5,0.52,10,NaN,NaN,NaN,NaN,NaN,NaN,NaN,NaN
8,0.5,0.52,10,NaN,NaN,NaN,NaN,NaN,NaN,NaN,NaN
9,0.5,0.52,10,1,79,23,84,446,632,NaN,1
9,0.5,0.52,10,1,98,30,84,420,632,NaN,0
9,0.5,0.52,10,1,77,23,93,439,207,0,0
9,0.5,0.52,10,1,102,29,78,423,632,NaN,1
9,0.5,0.52,10,1,79,27,77,449,632,NaN,0
9,0.5,0.52,10,1,82,41,75,434,632,NaN,1
9,0.5,0.52,10,1,104,38,80,410,249,0,0
9,0.5,0.52,10,1,84,25,105,418,383,1,1
9,0.5,0.52,10,1,80,23,87,442,193,1,1
9,0.5,0.52,10,1,90,46,99,397,419,1,1
9,0.5,0.52,10,1,75,23,270,264,632,NaN,1
9,0.5,0.52,10,1,75,28,94,435,523,0,0
9,0.5,0.52,10,1,87,23,104,418,531,0,0
9,0.5,0.52,10,1,92,51,80,409,481,1,1
9,0.5,0.52,10,1,99,44,75,414,279,1,1
9,0.5,0.52,10,1,86,53,75,418,321,0,0
9,0.5,0.52,10,1,80,48,81,423,385,1,1
9,0.5,0.52,10,1,75,33,82,442,219,1,1
9,0.5,0.52,10,1,85,29,106,412,417,1,1
9,0.5,0.52,10,1,84,43,101,404,632,NaN,1
9,0.5,0.52,10,1,83,55,75,419,329,1,1
9,0.5,0.52,10,1,77,23,82,450,632,NaN,1
9,0.5,0.52,10,1,95,34,83,420,632,NaN,0
9,0.5,0.52,10,1,96,23,83,430,319,0,0
9,0.5,0.52,10,1,89,26,92,425,539,1,1
9,0.5,0.52,10,0,76,49,98,409,477,1,1
9,0.5,0.52,10,0,91,23,81,437,325,1,1
9,0.5,0.52,10,0,94,39,85,414,632,NaN,1
9,0.5,0.52,10,0,83,32,100,417,385,1,1
9,0.5,0.52,10,0,82,25,97,428,632,NaN,1
9,0.5,0.52,10,0,81,31,75,445,632,NaN,0
9,0.5,0.52,10,0,75,26,107,424,447,1,1
9,0.5,0.52,10,0,75,36,102,419,531,1,1
9,0.5,0.52,10,0,78,42,75,437,263,1,1
9,0.5,0.52,10,0,97,54,90,391,433,1,1
9,0.5,0.52,10,0,106,33,86,407,127,1,1
9,0.5,0.52,10,0,100,218,103,211,632,NaN,1
9,0.5,0.52,10,0,75,50,75,432,445,1,1
9,0.5,0.52,10,0,101,37,79,415,401,1,1
9,0.5,0.52,10,0,81,31,76,444,341,0,0
9,0.5,0.52,10,0,88,32,91,421,255,1,1
9,0.5,0.52,10,0,103,45,95,389,459,0,0
9,0.5,0.52,10,0,85,27,96,424,632,NaN,0
9,0.5,0.52,10,0,78,30,79,445,225,1,1
9,0.5,0.52,10,0,93,40,75,424,275,1,1
9,0.5,0.52,10,0,107,24,78,423,547,0,0
9,0.5,0.52,10,0,75,28,85,444,551,1,1
9,0.5,0.52,10,0,270,35,89,238,632,NaN,1
9,0.5,0.52,10,0,75,47,88,422,343,0,0
9,0.5,0.52,10,0,105,52,77,398,409,1,1
9,0.5,0.52,10,NaN,NaN,NaN,NaN,NaN,NaN,NaN,NaN
9,0.5,0.52,10,NaN,NaN,NaN,NaN,NaN,NaN,NaN,NaN
9,0.5,0.52,10,NaN,NaN,NaN,NaN,NaN,NaN,NaN,NaN
9,0.5,0.52,10,NaN,NaN,NaN,NaN,NaN,NaN,NaN,NaN
9,0.5,0.52,10,NaN,NaN,NaN,NaN,NaN,NaN,NaN,NaN
9,0.5,0.52,10,NaN,NaN,NaN,NaN,NaN,NaN,NaN,NaN
9,0.5,0.52,10,NaN,NaN,NaN,NaN,NaN,NaN,NaN,NaN
9,0.5,0.52,10,NaN,NaN,NaN,NaN,NaN,NaN,NaN,NaN
9,0.5,0.52,10,NaN,NaN,NaN,NaN,NaN,NaN,NaN,NaN
9,0.5,0.52,10,NaN,NaN,NaN,NaN,NaN,NaN,NaN,NaN
9,0.5,0.52,10,NaN,NaN,NaN,NaN,NaN,NaN,NaN,NaN
9,0.5,0.52,10,NaN,NaN,NaN,NaN,NaN,NaN,NaN,NaN
9,0.5,0.52,10,NaN,NaN,NaN,NaN,NaN,NaN,NaN,NaN
9,0.5,0.52,10,NaN,NaN,NaN,NaN,NaN,NaN,NaN,NaN
9,0.5,0.52,10,NaN,NaN,NaN,NaN,NaN,NaN,NaN,NaN
9,0.5,0.52,10,NaN,NaN,NaN,NaN,NaN,NaN,NaN,NaN
9,0.5,0.52,10,NaN,NaN,NaN,NaN,NaN,NaN,NaN,NaN
9,0.5,0.52,10,NaN,NaN,NaN,NaN,NaN,NaN,NaN,NaN
9,0.5,0.52,10,NaN,NaN,NaN,NaN,NaN,NaN,NaN,NaN
9,0.5,0.52,10,NaN,NaN,NaN,NaN,NaN,NaN,NaN,NaN
9,0.5,0.52,10,NaN,NaN,NaN,NaN,NaN,NaN,NaN,NaN
9,0.5,0.52,10,NaN,NaN,NaN,NaN,NaN,NaN,NaN,NaN
9,0.5,0.52,10,NaN,NaN,NaN,NaN,NaN,NaN,NaN,NaN
9,0.5,0.52,10,NaN,NaN,NaN,NaN,NaN,NaN,NaN,NaN
9,0.5,0.52,10,NaN,NaN,NaN,NaN,NaN,NaN,NaN,NaN
9,0.5,0.52,10,NaN,NaN,NaN,NaN,NaN,NaN,NaN,NaN
9,0.5,0.52,10,NaN,NaN,NaN,NaN,NaN,NaN,NaN,NaN
9,0.5,0.52,10,NaN,NaN,NaN,NaN,NaN,NaN,NaN,NaN
9,0.5,0.52,10,NaN,NaN,NaN,NaN,NaN,NaN,NaN,NaN
9,0.5,0.52,10,NaN,NaN,NaN,NaN,NaN,NaN,NaN,NaN
9,0.5,0.52,10,NaN,NaN,NaN,NaN,NaN,NaN,NaN,NaN
9,0.5,0.52,10,NaN,NaN,NaN,NaN,NaN,NaN,NaN,NaN
9,0.5,0.52,10,NaN,NaN,NaN,NaN,NaN,NaN,NaN,NaN
9,0.5,0.52,10,NaN,NaN,NaN,NaN,NaN,NaN,NaN,NaN
9,0.5,0.52,10,NaN,NaN,NaN,NaN,NaN,NaN,NaN,NaN
9,0.5,0.52,10,NaN,NaN,NaN,NaN,NaN,NaN,NaN,NaN
9,0.5,0.52,10,NaN,NaN,NaN,NaN,NaN,NaN,NaN,NaN
9,0.5,0.52,10,NaN,NaN,NaN,NaN,NaN,NaN,NaN,NaN
9,0.5,0.52,10,NaN,NaN,NaN,NaN,NaN,NaN,NaN,NaN
9,0.5,0.52,10,NaN,NaN,NaN,NaN,NaN,NaN,NaN,NaN
9,0.5,0.52,10,NaN,NaN,NaN,NaN,NaN,NaN,NaN,NaN
9,0.5,0.52,10,NaN,NaN,NaN,NaN,NaN,NaN,NaN,NaN
9,0.5,0.52,10,NaN,NaN,NaN,NaN,NaN,NaN,NaN,NaN
9,0.5,0.52,10,NaN,NaN,NaN,NaN,NaN,NaN,NaN,NaN
9,0.5,0.52,10,NaN,NaN,NaN,NaN,NaN,NaN,NaN,NaN
9,0.5,0.52,10,NaN,NaN,NaN,NaN,NaN,NaN,NaN,NaN
9,0.5,0.52,10,NaN,NaN,NaN,NaN,NaN,NaN,NaN,NaN
9,0.5,0.52,10,NaN,NaN,NaN,NaN,NaN,NaN,NaN,NaN
9,0.5,0.52,10,NaN,NaN,NaN,NaN,NaN,NaN,NaN,NaN
9,0.5,0.52,10,NaN,NaN,NaN,NaN,NaN,NaN,NaN,NaN
1,0.8,0.52,10,1,106,40,81,405,125,1,1
1,0.8,0.52,10,1,79,26,87,440,253,1,1
1,0.8,0.52,10,1,89,49,94,400,101,1,1
1,0.8,0.52,10,1,95,25,108,404,632,NaN,1
1,0.8,0.52,10,1,270,34,77,251,632,NaN,1
1,0.8,0.52,10,1,97,33,85,417,275,1,1
1,0.8,0.52,10,1,113,28,79,412,181,1,1
1,0.8,0.52,10,1,99,28,102,403,231,1,1
1,0.8,0.52,10,1,100,55,117,360,229,1,1
1,0.8,0.52,10,1,88,218,89,237,115,1,1
1,0.8,0.52,10,1,87,42,76,427,209,1,1
1,0.8,0.52,10,1,77,65,270,220,361,1,1
1,0.8,0.52,10,1,98,29,98,407,119,1,1
1,0.8,0.52,10,1,75,64,94,399,181,1,1
1,0.8,0.52,10,1,87,57,93,395,117,1,1
1,0.8,0.52,10,1,102,38,80,412,277,1,1
1,0.8,0.52,10,1,82,37,104,409,325,1,1
1,0.8,0.52,10,1,88,36,84,424,111,1,1
1,0.8,0.52,10,1,78,25,75,454,632,NaN,0
1,0.8,0.52,10,1,91,62,99,380,359,1,1
1,0.8,0.52,10,1,90,34,79,429,253,1,1
1,0.8,0.52,10,1,75,61,95,401,632,NaN,1
1,0.8,0.52,10,1,111,35,80,406,517,1,1
1,0.8,0.52,10,1,117,69,78,368,169,1,1
1,0.8,0.52,10,1,75,35,92,430,431,1,1
1,0.8,0.52,10,1,85,67,78,402,293,1,1
1,0.8,0.52,10,1,81,59,92,400,241,1,1
1,0.8,0.52,10,1,99,27,83,423,213,1,1
1,0.8,0.52,10,1,79,45,82,426,237,1,1
1,0.8,0.52,10,1,80,41,75,436,279,1,1
1,0.8,0.52,10,1,96,39,82,415,407,1,1
1,0.8,0.52,10,1,118,70,84,360,301,1,1
1,0.8,0.52,10,1,86,37,115,394,443,1,1
1,0.8,0.52,10,1,82,63,121,366,632,NaN,0
1,0.8,0.52,10,1,81,42,77,432,632,NaN,1
1,0.8,0.52,10,1,94,24,110,404,373,1,1
1,0.8,0.52,10,1,76,46,90,420,215,1,1
1,0.8,0.52,10,1,77,34,112,409,193,1,1
1,0.8,0.52,10,1,78,31,122,401,273,1,1
1,0.8,0.52,10,1,101,47,81,403,169,1,1
1,0.8,0.52,10,1,105,29,105,393,293,1,1
1,0.8,0.52,10,1,98,54,106,374,271,1,1
1,0.8,0.52,10,1,89,25,98,420,347,1,1
1,0.8,0.52,10,1,119,52,107,354,137,1,1
1,0.8,0.52,10,1,75,27,84,446,632,NaN,1
1,0.8,0.52,10,1,93,43,120,376,345,1,1
1,0.8,0.52,10,1,86,32,83,431,181,1,1
1,0.8,0.52,10,1,80,32,76,444,133,1,1
1,0.8,0.52,10,1,96,60,101,375,279,1,1
1,0.8,0.52,10,1,103,50,75,404,267,1,1
1,0.8,0.52,10,1,78,46,87,421,113,1,1
1,0.8,0.52,10,1,76,23,85,448,325,1,1
1,0.8,0.52,10,1,76,24,99,433,291,1,1
1,0.8,0.52,10,1,84,66,78,404,139,1,1
1,0.8,0.52,10,1,104,31,82,415,632,NaN,1
1,0.8,0.52,10,1,75,23,81,453,229,1,1
1,0.8,0.52,10,1,92,26,80,434,205,1,1
1,0.8,0.52,10,1,97,25,86,424,205,1,1
1,0.8,0.52,10,1,90,32,116,394,247,1,1
1,0.8,0.52,10,1,84,26,93,429,253,1,1
1,0.8,0.52,10,1,85,41,89,417,289,1,1
1,0.8,0.52,10,1,110,33,83,406,241,1,1
1,0.8,0.52,10,1,78,29,111,414,105,1,1
1,0.8,0.52,10,1,79,29,96,428,181,1,1
1,0.8,0.52,10,1,112,38,119,363,443,1,1
1,0.8,0.52,10,1,83,36,91,422,157,1,1
1,0.8,0.52,10,1,109,56,88,379,241,1,1
1,0.8,0.52,10,1,93,24,113,402,265,1,1
1,0.8,0.52,10,1,81,23,89,439,273,1,1
1,0.8,0.52,10,1,94,27,103,408,225,1,1
1,0.8,0.52,10,1,76,30,80,446,291,1,1
1,0.8,0.52,10,1,83,47,79,423,429,1,1
1,0.8,0.52,10,1,82,26,87,437,217,1,1
1,0.8,0.52,10,1,81,44,77,430,223,1,1
1,0.8,0.52,10,1,115,39,76,402,373,1,1
1,0.8,0.52,10,1,85,58,76,413,537,1,1
1,0.8,0.52,10,1,116,44,82,390,289,1,1
1,0.8,0.52,10,1,79,40,86,427,111,1,1
1,0.8,0.52,10,1,107,28,75,422,145,1,1
1,0.8,0.52,10,1,87,24,96,425,259,1,1
1,0.8,0.52,10,0,91,23,88,430,383,0,0
1,0.8,0.52,10,0,120,30,95,387,265,0,0
1,0.8,0.52,10,0,86,23,114,409,205,0,0
1,0.8,0.52,10,0,108,28,81,415,157,0,0
1,0.8,0.52,10,0,122,68,97,345,339,0,0
1,0.8,0.52,10,0,95,51,109,377,123,0,0
1,0.8,0.52,10,0,89,23,118,402,193,0,0
1,0.8,0.52,10,0,80,27,75,450,265,0,0
1,0.8,0.52,10,0,121,35,79,397,139,0,0
1,0.8,0.52,10,0,82,25,77,448,339,0,0
1,0.8,0.52,10,0,84,33,97,418,193,0,0
1,0.8,0.52,10,0,77,37,100,418,223,0,0
1,0.8,0.52,10,0,92,30,88,422,632,NaN,0
1,0.8,0.52,10,0,88,30,90,424,359,0,0
1,0.8,0.52,10,0,77,31,85,439,253,0,0
1,0.8,0.52,10,0,83,48,75,426,219,0,0
1,0.8,0.52,10,0,114,36,91,391,515,1,1
1,0.8,0.52,10,0,77,43,77,435,632,NaN,1
1,0.8,0.52,10,0,75,53,78,426,303,1,1
1,0.8,0.52,10,0,80,45,86,421,632,NaN,1
2,0.8,0.52,10,1,80,50,81,421,115,1,1
2,0.8,0.52,10,1,75,29,109,419,253,1,1
2,0.8,0.52,10,1,79,23,95,435,245,1,1
2,0.8,0.52,10,1,88,34,108,402,307,1,1
2,0.8,0.52,10,1,75,67,77,413,283,1,1
2,0.8,0.52,10,1,111,30,92,399,475,1,1
2,0.8,0.52,10,1,82,33,94,423,447,1,1
2,0.8,0.52,10,1,91,46,93,402,369,1,1
2,0.8,0.52,10,1,89,61,99,383,313,1,1
2,0.8,0.52,10,1,92,40,89,411,145,1,1
2,0.8,0.52,10,1,102,37,99,394,127,1,1
2,0.8,0.52,10,1,109,69,76,378,375,1,1
2,0.8,0.52,10,1,88,30,85,429,253,1,1
2,0.8,0.52,10,1,86,25,80,441,203,1,1
2,0.8,0.52,10,1,80,43,104,405,193,1,1
2,0.8,0.52,10,1,75,31,79,447,133,1,1
2,0.8,0.52,10,1,77,30,78,447,565,1,1
2,0.8,0.52,10,1,78,23,79,452,205,1,1
2,0.8,0.52,10,1,87,65,97,383,109,1,1
2,0.8,0.52,10,1,101,36,95,400,397,1,1
2,0.8,0.52,10,1,98,49,79,406,269,1,1
2,0.8,0.52,10,1,82,48,85,417,273,1,1
2,0.8,0.52,10,1,118,24,87,403,141,1,1
2,0.8,0.52,10,1,92,45,90,405,365,1,1
2,0.8,0.52,10,1,104,46,112,370,632,NaN,1
2,0.8,0.52,10,1,83,27,75,447,283,1,1
2,0.8,0.52,10,1,79,25,82,446,527,1,1
2,0.8,0.52,10,1,93,33,75,431,109,1,1
2,0.8,0.52,10,1,94,33,84,421,377,1,1
2,0.8,0.52,10,1,76,68,81,407,229,1,1
2,0.8,0.52,10,1,112,27,115,378,375,1,1
2,0.8,0.52,10,1,86,57,75,414,247,1,1
2,0.8,0.52,10,1,83,35,83,431,217,1,1
2,0.8,0.52,10,1,80,60,82,410,351,1,1
2,0.8,0.52,10,1,86,25,75,446,573,1,1
2,0.8,0.52,10,1,87,30,77,438,193,1,1
2,0.8,0.52,10,1,89,44,84,415,301,1,1
2,0.8,0.52,10,1,85,24,107,416,353,1,1
2,0.8,0.52,10,1,75,66,82,409,231,1,1
2,0.8,0.52,10,1,100,24,87,421,413,1,1
2,0.8,0.52,10,1,77,35,77,443,203,1,1
2,0.8,0.52,10,1,76,40,105,411,115,1,1
2,0.8,0.52,10,1,85,54,91,402,241,1,1
2,0.8,0.52,10,1,122,26,106,378,257,1,1
2,0.8,0.52,10,1,76,23,87,446,227,1,1
2,0.8,0.52,10,1,79,43,90,420,359,1,1
2,0.8,0.52,10,1,81,38,85,428,393,0,0
2,0.8,0.52,10,1,99,31,113,389,241,1,1
2,0.8,0.52,10,1,84,41,78,429,303,1,1
2,0.8,0.52,10,1,113,27,80,412,351,1,1
2,0.8,0.52,10,1,270,55,76,231,121,1,1
2,0.8,0.52,10,1,80,26,86,440,279,1,1
2,0.8,0.52,10,1,78,39,110,405,301,1,1
2,0.8,0.52,10,1,117,25,77,413,239,1,1
2,0.8,0.52,10,1,108,28,100,396,131,1,1
2,0.8,0.52,10,1,97,28,86,421,225,1,1
2,0.8,0.52,10,1,94,31,88,419,417,1,1
2,0.8,0.52,10,1,82,59,101,390,249,1,1
2,0.8,0.52,10,1,91,58,114,369,629,1,1
2,0.8,0.52,10,1,82,36,83,431,193,1,1
2,0.8,0.52,10,1,121,29,98,384,283,1,1
2,0.8,0.52,10,1,87,32,88,425,595,1,1
2,0.8,0.52,10,1,90,23,121,398,105,1,1
2,0.8,0.52,10,1,106,29,119,378,265,1,1
2,0.8,0.52,10,1,96,28,94,414,285,1,1
2,0.8,0.52,10,1,77,38,82,435,433,1,1
2,0.8,0.52,10,1,85,53,103,391,487,1,1
2,0.8,0.52,10,1,99,42,118,373,309,1,1
2,0.8,0.52,10,1,119,218,89,206,617,1,1
2,0.8,0.52,10,1,81,28,77,446,283,1,1
2,0.8,0.52,10,1,76,37,80,439,471,0,0
2,0.8,0.52,10,1,75,47,92,418,325,1,1
2,0.8,0.52,10,1,89,52,75,416,327,1,1
2,0.8,0.52,10,1,93,23,102,414,395,1,1
2,0.8,0.52,10,1,98,35,88,411,632,NaN,1
2,0.8,0.52,10,1,78,24,96,434,295,1,1
2,0.8,0.52,10,1,115,26,84,407,229,1,1
2,0.8,0.52,10,1,77,39,86,430,259,1,1
2,0.8,0.52,10,1,79,23,116,414,493,1,1
2,0.8,0.52,10,1,83,25,98,426,229,1,1
2,0.8,0.52,10,0,105,45,270,212,443,0,0
2,0.8,0.52,10,0,90,32,75,435,632,NaN,0
2,0.8,0.52,10,0,88,34,91,419,621,0,0
2,0.8,0.52,10,0,110,32,81,409,632,NaN,0
2,0.8,0.52,10,0,95,51,122,364,632,NaN,0
2,0.8,0.52,10,0,103,47,76,406,205,0,0
2,0.8,0.52,10,0,84,41,76,431,329,1,1
2,0.8,0.52,10,0,114,64,97,357,265,0,0
2,0.8,0.52,10,0,120,42,96,374,311,0,0
2,0.8,0.52,10,0,84,44,120,384,632,NaN,0
2,0.8,0.52,10,0,95,56,83,398,299,0,0
2,0.8,0.52,10,0,77,63,111,381,632,NaN,0
2,0.8,0.52,10,0,116,26,79,411,339,0,0
2,0.8,0.52,10,0,97,62,78,395,277,0,0
2,0.8,0.52,10,0,75,34,78,445,429,1,1
2,0.8,0.52,10,0,107,29,89,407,253,0,0
2,0.8,0.52,10,0,78,70,80,404,381,0,0
2,0.8,0.52,10,0,81,37,81,433,297,1,1
2,0.8,0.52,10,0,96,36,117,383,632,NaN,0
2,0.8,0.52,10,0,81,27,93,431,613,0,0
3,0.8,0.52,10,1,90,62,90,390,255,1,1
3,0.8,0.52,10,1,87,34,85,426,279,1,1
3,0.8,0.52,10,1,81,33,116,402,529,1,1
3,0.8,0.52,10,1,87,35,91,419,145,1,1
3,0.8,0.52,10,1,76,30,87,439,213,1,1
3,0.8,0.52,10,1,85,30,81,436,223,1,1
3,0.8,0.52,10,1,88,35,81,428,253,1,1
3,0.8,0.52,10,1,99,56,119,358,151,1,1
3,0.8,0.52,10,1,78,46,89,419,181,1,1
3,0.8,0.52,10,1,109,24,83,416,295,1,1
3,0.8,0.52,10,1,120,47,78,387,325,1,1
3,0.8,0.52,10,1,86,55,76,415,401,1,1
3,0.8,0.52,10,1,117,58,79,378,507,1,1
3,0.8,0.52,10,1,84,45,92,411,245,1,1
3,0.8,0.52,10,1,75,38,75,444,632,NaN,1
3,0.8,0.52,10,1,83,32,87,430,251,1,1
3,0.8,0.52,10,1,115,26,94,397,345,1,1
3,0.8,0.52,10,1,82,25,110,415,299,1,1
3,0.8,0.52,10,1,81,43,95,413,519,1,1
3,0.8,0.52,10,1,110,42,83,397,283,1,1
3,0.8,0.52,10,1,89,28,102,413,273,1,1
3,0.8,0.52,10,1,121,46,76,389,341,1,1
3,0.8,0.52,10,1,79,23,75,455,99,1,1
3,0.8,0.52,10,1,90,29,84,429,169,1,1
3,0.8,0.52,10,1,79,27,88,438,235,1,1
3,0.8,0.52,10,1,77,70,99,386,493,1,1
3,0.8,0.52,10,1,77,23,101,431,439,1,1
3,0.8,0.52,10,1,82,53,88,409,273,1,1
3,0.8,0.52,10,1,78,39,97,418,289,1,1
3,0.8,0.52,10,1,79,40,76,437,243,1,1
3,0.8,0.52,10,1,86,26,87,433,413,0,0
3,0.8,0.52,10,1,122,27,106,377,361,1,1
3,0.8,0.52,10,1,81,67,78,406,257,1,1
3,0.8,0.52,10,1,80,41,82,429,229,1,1
3,0.8,0.52,10,1,88,57,89,398,353,1,1
3,0.8,0.52,10,1,95,29,108,400,157,1,1
3,0.8,0.52,10,1,91,52,80,409,117,1,1
3,0.8,0.52,10,1,95,34,88,415,289,1,1
3,0.8,0.52,10,1,119,37,91,385,353,1,1
3,0.8,0.52,10,1,98,36,80,418,217,1,1
3,0.8,0.52,10,1,77,59,77,419,632,NaN,1
3,0.8,0.52,10,1,103,32,122,375,263,1,1
3,0.8,0.52,10,1,75,31,93,433,215,1,1
3,0.8,0.52,10,1,113,36,79,404,125,1,1
3,0.8,0.52,10,1,78,218,270,66,632,NaN,1
3,0.8,0.52,10,1,101,23,80,428,285,1,1
3,0.8,0.52,10,1,91,33,92,416,231,1,1
3,0.8,0.52,10,1,96,37,96,403,121,1,1
3,0.8,0.52,10,1,98,23,105,406,181,1,1
3,0.8,0.52,10,1,99,27,98,408,193,1,1
3,0.8,0.52,10,1,118,37,78,399,299,1,1
3,0.8,0.52,10,1,76,29,85,442,219,1,1
3,0.8,0.52,10,1,78,63,84,407,337,1,1
3,0.8,0.52,10,1,75,30,86,441,203,1,1
3,0.8,0.52,10,1,76,48,79,429,325,1,1
3,0.8,0.52,10,1,96,65,112,359,151,1,1
3,0.8,0.52,10,1,85,29,99,419,441,1,1
3,0.8,0.52,10,1,75,44,86,427,293,1,1
3,0.8,0.52,10,1,88,28,86,430,565,1,1
3,0.8,0.52,10,1,84,45,75,428,463,1,1
3,0.8,0.52,10,1,97,54,121,360,289,1,1
3,0.8,0.52,10,1,81,42,95,414,105,1,1
3,0.8,0.52,10,1,106,47,118,361,145,1,1
3,0.8,0.52,10,1,87,26,113,406,301,1,1
3,0.8,0.52,10,1,75,49,78,430,411,1,1
3,0.8,0.52,10,1,104,26,93,409,287,1,1
3,0.8,0.52,10,1,111,25,89,407,241,1,1
3,0.8,0.52,10,1,79,24,98,431,455,1,1
3,0.8,0.52,10,1,270,31,103,228,547,1,1
3,0.8,0.52,10,1,80,23,100,429,269,1,1
3,0.8,0.52,10,1,94,23,77,438,229,1,1
3,0.8,0.52,10,1,84,43,104,401,311,1,1
3,0.8,0.52,10,1,75,30,77,450,241,1,1
3,0.8,0.52,10,1,102,66,82,382,365,1,1
3,0.8,0.52,10,1,112,39,120,361,297,1,1
3,0.8,0.52,10,1,92,28,114,398,255,1,1
3,0.8,0.52,10,1,83,25,90,434,181,1,1
3,0.8,0.52,10,1,116,40,115,361,299,1,1
3,0.8,0.52,10,1,108,61,80,383,291,1,1
3,0.8,0.52,10,1,80,38,107,407,255,1,1
3,0.8,0.52,10,0,89,24,83,436,385,0,0
3,0.8,0.52,10,0,85,25,117,405,265,0,0
3,0.8,0.52,10,0,94,51,97,390,609,0,0
3,0.8,0.52,10,0,76,32,84,440,387,0,0
3,0.8,0.52,10,0,82,36,75,439,289,0,0
3,0.8,0.52,10,0,77,25,77,453,493,0,0
3,0.8,0.52,10,0,93,50,96,393,243,0,0
3,0.8,0.52,10,0,107,44,94,387,632,NaN,1
3,0.8,0.52,10,0,77,31,75,449,271,0,0
3,0.8,0.52,10,0,89,69,81,393,245,0,0
3,0.8,0.52,10,0,86,35,109,402,309,0,0
3,0.8,0.52,10,0,114,28,111,379,181,0,0
3,0.8,0.52,10,0,100,68,77,387,337,0,0
3,0.8,0.52,10,0,97,33,76,426,157,0,0
3,0.8,0.52,10,0,105,24,81,422,241,0,0
3,0.8,0.52,10,0,93,41,75,423,255,0,0
3,0.8,0.52,10,0,82,60,82,408,632,NaN,1
3,0.8,0.52,10,0,92,64,79,397,627,0,0
3,0.8,0.52,10,0,80,34,82,436,632,NaN,0
3,0.8,0.52,10,0,83,27,85,437,367,0,0
4,0.8,0.52,10,1,115,48,270,199,127,1,1
4,0.8,0.52,10,1,121,29,77,405,251,1,1
4,0.8,0.52,10,1,82,58,119,373,585,1,1
4,0.8,0.52,10,1,88,34,89,421,145,1,1
4,0.8,0.52,10,1,75,50,89,418,239,1,1
4,0.8,0.52,10,1,76,30,105,421,193,1,1
4,0.8,0.52,10,1,77,36,121,398,632,NaN,1
4,0.8,0.52,10,1,93,23,79,437,277,1,1
4,0.8,0.52,10,1,82,27,97,426,233,1,1
4,0.8,0.52,10,1,77,45,86,424,117,1,1
4,0.8,0.52,10,1,87,26,98,421,451,1,1
4,0.8,0.52,10,1,107,43,93,389,475,1,1
4,0.8,0.52,10,1,96,30,78,428,385,1,1
4,0.8,0.52,10,1,89,23,91,429,225,1,1
4,0.8,0.52,10,1,77,59,110,386,123,1,1
4,0.8,0.52,10,1,98,46,85,403,217,1,1
4,0.8,0.52,10,1,90,23,122,397,241,1,1
4,0.8,0.52,10,1,114,35,79,404,609,1,1
4,0.8,0.52,10,1,88,40,91,413,507,1,1
4,0.8,0.52,10,1,85,37,80,430,267,1,1
4,0.8,0.52,10,1,89,34,108,401,489,1,1
4,0.8,0.52,10,1,83,25,86,438,339,1,1
4,0.8,0.52,10,1,96,37,75,424,632,NaN,1
4,0.8,0.52,10,1,108,53,75,396,267,1,1
4,0.8,0.52,10,1,88,32,96,416,303,1,1
4,0.8,0.52,10,1,80,218,76,258,131,1,1
4,0.8,0.52,10,1,79,42,87,424,632,NaN,1
4,0.8,0.52,10,1,82,28,80,442,513,1,1
4,0.8,0.52,10,1,93,62,76,401,529,1,1
4,0.8,0.52,10,1,111,52,85,384,147,1,1
4,0.8,0.52,10,1,118,33,77,404,317,1,1
4,0.8,0.52,10,1,80,32,77,443,109,1,1
4,0.8,0.52,10,1,99,67,101,365,309,1,1
4,0.8,0.52,10,1,105,41,86,400,632,NaN,1
4,0.8,0.52,10,1,95,30,78,429,249,1,1
4,0.8,0.52,10,1,110,23,117,382,193,1,1
4,0.8,0.52,10,1,78,56,76,422,273,1,1
4,0.8,0.52,10,1,81,33,92,426,205,1,1
4,0.8,0.52,10,1,76,25,84,447,265,0,0
4,0.8,0.52,10,1,78,29,84,441,443,1,1
4,0.8,0.52,10,1,106,54,98,374,125,1,1
4,0.8,0.52,10,1,119,25,118,370,133,1,1
4,0.8,0.52,10,1,75,35,111,411,313,1,1
4,0.8,0.52,10,1,98,44,103,387,205,1,1
4,0.8,0.52,10,1,75,57,102,398,632,NaN,1
4,0.8,0.52,10,1,79,26,87,440,477,1,1
4,0.8,0.52,10,1,86,64,95,387,317,1,1
4,0.8,0.52,10,1,91,23,80,438,241,1,1
4,0.8,0.52,10,1,112,46,107,367,153,1,1
4,0.8,0.52,10,1,84,45,120,383,295,1,1
4,0.8,0.52,10,1,91,32,87,422,225,1,1
4,0.8,0.52,10,1,99,69,79,385,229,1,1
4,0.8,0.52,10,1,109,31,96,396,265,1,1
4,0.8,0.52,10,1,104,47,82,399,397,1,1
4,0.8,0.52,10,1,81,55,104,392,409,1,1
4,0.8,0.52,10,1,75,24,89,444,313,1,1
4,0.8,0.52,10,1,80,24,81,447,95,1,1
4,0.8,0.52,10,1,78,60,81,413,227,1,1
4,0.8,0.52,10,1,97,61,83,391,632,NaN,1
4,0.8,0.52,10,1,80,34,82,436,397,1,1
4,0.8,0.52,10,1,86,68,85,393,261,1,1
4,0.8,0.52,10,1,87,31,80,434,169,1,1
4,0.8,0.52,10,1,79,39,77,437,289,1,1
4,0.8,0.52,10,1,102,66,112,352,329,1,1
4,0.8,0.52,10,1,92,40,78,422,205,1,1
4,0.8,0.52,10,1,85,39,114,394,289,1,1
4,0.8,0.52,10,1,94,30,95,413,221,1,1
4,0.8,0.52,10,1,101,25,88,418,593,1,1
4,0.8,0.52,10,1,84,27,77,444,315,1,1
4,0.8,0.52,10,1,76,28,75,453,273,1,1
4,0.8,0.52,10,1,85,28,92,427,297,1,1
4,0.8,0.52,10,1,97,36,109,390,632,NaN,1
4,0.8,0.52,10,1,117,47,75,393,453,1,1
4,0.8,0.52,10,1,92,26,84,430,313,1,1
4,0.8,0.52,10,1,77,33,93,429,229,1,1
4,0.8,0.52,10,1,81,35,94,422,632,NaN,1
4,0.8,0.52,10,1,120,31,90,391,299,1,1
4,0.8,0.52,10,1,77,41,76,438,195,1,1
4,0.8,0.52,10,1,113,28,116,375,315,1,1
4,0.8,0.52,10,1,78,51,90,413,632,NaN,1
4,0.8,0.52,10,0,75,38,79,440,221,0,0
4,0.8,0.52,10,0,90,49,82,411,632,NaN,1
4,0.8,0.52,10,0,87,29,99,417,377,0,0
4,0.8,0.52,10,0,270,29,82,251,295,0,0
4,0.8,0.52,10,0,94,27,88,423,361,0,0
4,0.8,0.52,10,0,122,42,75,393,632,NaN,1
4,0.8,0.52,10,0,83,44,113,392,529,0,0
4,0.8,0.52,10,0,86,43,78,425,261,0,0
4,0.8,0.52,10,0,81,36,115,400,632,NaN,1
4,0.8,0.52,10,0,95,25,99,413,343,0,0
4,0.8,0.52,10,0,116,37,75,404,239,0,0
4,0.8,0.52,10,0,75,24,94,439,319,0,0
4,0.8,0.52,10,0,89,63,81,399,277,0,0
4,0.8,0.52,10,0,103,65,100,364,385,0,0
4,0.8,0.52,10,0,84,70,106,372,297,0,0
4,0.8,0.52,10,0,76,38,83,435,121,0,0
4,0.8,0.52,10,0,100,26,88,418,193,0,0
4,0.8,0.52,10,0,79,23,81,449,313,0,0
4,0.8,0.52,10,0,83,24,83,442,291,0,0
4,0.8,0.52,10,0,82,27,97,426,363,0,0
5,0.8,0.52,10,1,119,38,87,388,193,1,1
5,0.8,0.52,10,1,95,62,104,371,143,1,1
5,0.8,0.52,10,1,85,53,77,417,205,1,1
5,0.8,0.52,10,1,77,29,75,451,403,1,1
5,0.8,0.52,10,1,79,30,93,430,97,1,1
5,0.8,0.52,10,1,76,24,75,457,225,1,1
5,0.8,0.52,10,1,94,35,88,415,221,1,1
5,0.8,0.52,10,1,102,55,94,381,153,1,1
5,0.8,0.52,10,1,105,29,122,376,241,1,1
5,0.8,0.52,10,1,94,32,77,429,223,1,1
5,0.8,0.52,10,1,89,42,83,418,301,1,1
5,0.8,0.52,10,1,75,64,77,416,223,1,1
5,0.8,0.52,10,1,82,61,90,399,491,1,1
5,0.8,0.52,10,1,98,31,117,386,317,1,1
5,0.8,0.52,10,1,98,39,106,389,229,1,1
5,0.8,0.52,10,1,80,45,110,397,551,1,1
5,0.8,0.52,10,1,114,35,92,391,377,1,1
5,0.8,0.52,10,1,121,38,108,365,193,1,1
5,0.8,0.52,10,1,77,23,79,453,97,1,1
5,0.8,0.52,10,1,75,66,81,410,259,1,1
5,0.8,0.52,10,1,91,33,101,407,181,1,1
5,0.8,0.52,10,1,86,47,89,410,121,1,1
5,0.8,0.52,10,1,106,32,76,418,121,1,1
5,0.8,0.52,10,1,97,39,105,391,243,1,1
5,0.8,0.52,10,1,87,34,87,424,193,1,1
5,0.8,0.52,10,1,107,218,79,228,519,1,1
5,0.8,0.52,10,1,96,31,111,394,115,1,1
5,0.8,0.52,10,1,76,42,81,433,201,1,1
5,0.8,0.52,10,1,77,40,84,431,229,1,1
5,0.8,0.52,10,1,86,28,93,425,97,1,1
5,0.8,0.52,10,1,90,43,84,415,109,1,1
5,0.8,0.52,10,1,80,60,78,414,315,1,1
5,0.8,0.52,10,1,88,29,76,439,357,1,1
5,0.8,0.52,10,1,113,50,98,371,375,1,1
5,0.8,0.52,10,1,78,44,79,431,157,1,1
5,0.8,0.52,10,1,122,34,82,394,363,1,1
5,0.8,0.52,10,1,115,25,118,374,425,1,1
5,0.8,0.52,10,1,103,54,83,392,373,1,1
5,0.8,0.52,10,1,82,25,100,425,273,1,1
5,0.8,0.52,10,1,99,63,76,394,145,1,1
5,0.8,0.52,10,1,81,23,121,407,331,1,1
5,0.8,0.52,10,1,79,24,84,445,451,1,1
5,0.8,0.52,10,1,88,26,119,399,241,1,1
5,0.8,0.52,10,1,78,46,82,426,115,1,1
5,0.8,0.52,10,1,116,30,103,383,615,1,1
5,0.8,0.52,10,1,85,28,115,404,205,1,1
5,0.8,0.52,10,1,81,27,88,436,399,1,1
5,0.8,0.52,10,1,75,45,270,242,157,1,1
5,0.8,0.52,10,1,80,29,83,440,213,1,1
5,0.8,0.52,10,1,83,43,95,411,447,1,1
5,0.8,0.52,10,1,79,33,81,439,193,1,1
5,0.8,0.52,10,1,83,44,113,392,193,1,1
5,0.8,0.52,10,1,83,27,112,410,295,1,1
5,0.8,0.52,10,1,80,49,78,425,193,1,1
5,0.8,0.52,10,1,82,30,77,443,395,1,1
5,0.8,0.52,10,1,86,36,88,422,247,1,1
5,0.8,0.52,10,1,84,57,86,405,445,1,1
5,0.8,0.52,10,1,81,37,120,394,265,1,1
5,0.8,0.52,10,1,76,70,96,390,229,1,1
5,0.8,0.52,10,1,108,26,92,406,181,1,1
5,0.8,0.52,10,1,87,46,99,400,491,1,1
5,0.8,0.52,10,1,89,35,75,433,329,1,1
5,0.8,0.52,10,1,101,48,80,403,193,1,1
5,0.8,0.52,10,1,82,59,75,416,632,NaN,1
5,0.8,0.52,10,1,77,31,77,447,632,NaN,0
5,0.8,0.52,10,1,110,34,80,408,361,1,1
5,0.8,0.52,10,1,84,36,81,431,289,1,1
5,0.8,0.52,10,1,111,67,96,358,265,1,1
5,0.8,0.52,10,1,89,69,86,388,205,1,1
5,0.8,0.52,10,1,79,27,85,441,207,1,1
5,0.8,0.52,10,1,88,58,91,395,279,1,1
5,0.8,0.52,10,1,117,23,76,416,169,1,1
5,0.8,0.52,10,1,76,28,102,426,399,1,1
5,0.8,0.52,10,1,87,24,99,422,363,1,1
5,0.8,0.52,10,1,97,25,78,432,349,1,1
5,0.8,0.52,10,1,95,37,94,406,275,1,1
5,0.8,0.52,10,1,104,41,78,409,229,1,1
5,0.8,0.52,10,1,77,27,91,437,631,1,1
5,0.8,0.52,10,1,91,56,116,369,271,1,1
5,0.8,0.52,10,1,109,23,89,411,181,1,1
5,0.8,0.52,10,0,85,32,97,418,157,0,0
5,0.8,0.52,10,0,99,26,75,432,447,0,0
5,0.8,0.52,10,0,92,41,75,424,287,0,0
5,0.8,0.52,10,0,92,28,109,403,473,0,0
5,0.8,0.52,10,0,93,25,98,416,233,0,0
5,0.8,0.52,10,0,75,47,90,420,632,NaN,1
5,0.8,0.52,10,0,78,33,85,436,301,0,0
5,0.8,0.52,10,0,75,36,82,439,241,0,0
5,0.8,0.52,10,0,100,30,80,422,217,0,0
5,0.8,0.52,10,0,84,26,89,433,632,NaN,1
5,0.8,0.52,10,0,270,37,85,240,397,0,0
5,0.8,0.52,10,0,112,23,80,417,223,0,0
5,0.8,0.52,10,0,118,25,107,382,632,NaN,1
5,0.8,0.52,10,0,75,68,79,410,237,0,0
5,0.8,0.52,10,0,90,65,87,390,323,0,0
5,0.8,0.52,10,0,96,40,86,410,457,0,0
5,0.8,0.52,10,0,81,51,82,418,449,0,0
5,0.8,0.52,10,0,120,52,95,365,632,NaN,0
5,0.8,0.52,10,0,93,23,97,419,285,0,0
5,0.8,0.52,10,0,78,24,114,416,489,0,0
6,0.8,0.52,10,1,82,23,82,445,225,1,1
6,0.8,0.52,10,1,94,27,88,423,231,1,1
6,0.8,0.52,10,1,270,28,79,255,229,1,1
6,0.8,0.52,10,1,104,31,80,417,495,1,1
6,0.8,0.52,10,1,97,23,115,397,305,1,1
6,0.8,0.52,10,1,79,41,117,395,275,1,1
6,0.8,0.52,10,1,99,68,97,368,289,1,1
6,0.8,0.52,10,1,81,35,94,422,133,1,1
6,0.8,0.52,10,1,99,25,75,433,267,1,1
6,0.8,0.52,10,1,82,36,86,428,291,1,1
6,0.8,0.52,10,1,86,56,86,404,231,1,1
6,0.8,0.52,10,1,118,45,120,349,313,1,1
6,0.8,0.52,10,1,87,27,83,435,205,1,1
6,0.8,0.52,10,1,88,46,118,380,277,1,1
6,0.8,0.52,10,1,78,24,81,449,533,1,1
6,0.8,0.52,10,1,85,51,82,414,169,1,1
6,0.8,0.52,10,1,90,36,109,397,279,1,1
6,0.8,0.52,10,1,81,27,84,440,315,1,1
6,0.8,0.52,10,1,75,23,80,454,632,NaN,0
6,0.8,0.52,10,1,101,43,90,398,347,1,1
6,0.8,0.52,10,1,96,28,76,432,217,1,1
6,0.8,0.52,10,1,85,30,113,404,413,1,1
6,0.8,0.52,10,1,75,63,76,418,229,1,1
6,0.8,0.52,10,1,98,37,93,404,181,1,1
6,0.8,0.52,10,1,78,29,75,450,205,1,1
6,0.8,0.52,10,1,95,29,101,407,299,1,1
6,0.8,0.52,10,1,83,62,91,396,439,1,1
6,0.8,0.52,10,1,113,34,75,410,353,1,1
6,0.8,0.52,10,1,100,26,90,416,229,1,1
6,0.8,0.52,10,1,84,25,92,431,285,1,1
6,0.8,0.52,10,1,82,37,75,438,145,1,1
6,0.8,0.52,10,1,77,24,103,428,323,1,1
6,0.8,0.52,10,1,79,46,121,386,351,1,1
6,0.8,0.52,10,1,108,32,88,404,317,1,1
6,0.8,0.52,10,1,89,50,89,404,632,NaN,0
6,0.8,0.52,10,1,119,26,116,371,229,1,1
6,0.8,0.52,10,1,76,67,92,397,555,1,1
6,0.8,0.52,10,1,116,41,96,379,133,1,1
6,0.8,0.52,10,1,86,34,77,435,379,1,1
6,0.8,0.52,10,1,88,23,80,441,632,NaN,1
6,0.8,0.52,10,1,80,42,78,432,193,1,1
6,0.8,0.52,10,1,115,24,78,415,397,1,1
6,0.8,0.52,10,1,107,23,83,419,193,1,1
6,0.8,0.52,10,1,91,28,81,432,373,1,1
6,0.8,0.52,10,1,79,218,100,235,261,1,1
6,0.8,0.52,10,1,110,38,85,399,521,1,1
6,0.8,0.52,10,1,112,40,104,376,275,1,1
6,0.8,0.52,10,1,95,37,77,423,359,1,1
6,0.8,0.52,10,1,89,29,78,436,211,1,1
6,0.8,0.52,10,1,81,24,97,430,545,1,1
6,0.8,0.52,10,1,78,25,89,440,103,1,1
6,0.8,0.52,10,1,86,53,110,383,303,1,1
6,0.8,0.52,10,1,96,44,270,222,413,1,1
6,0.8,0.52,10,1,91,45,96,400,477,1,1
6,0.8,0.52,10,1,76,25,79,452,289,1,1
6,0.8,0.52,10,1,80,52,77,423,401,1,1
6,0.8,0.52,10,1,90,39,119,384,297,1,1
6,0.8,0.52,10,1,106,54,77,395,245,1,1
6,0.8,0.52,10,1,77,35,106,414,285,1,1
6,0.8,0.52,10,1,85,30,95,422,339,1,1
6,0.8,0.52,10,1,84,31,75,442,403,1,1
6,0.8,0.52,10,1,83,55,95,399,229,1,1
6,0.8,0.52,10,1,122,42,82,386,373,1,1
6,0.8,0.52,10,1,80,40,84,428,449,1,1
6,0.8,0.52,10,1,117,36,75,404,632,NaN,1
6,0.8,0.52,10,1,89,39,78,426,409,1,1
6,0.8,0.52,10,1,121,33,81,397,263,1,1
6,0.8,0.52,10,1,87,58,107,380,325,1,1
6,0.8,0.52,10,1,120,25,81,406,269,1,1
6,0.8,0.52,10,1,83,38,76,435,121,1,1
6,0.8,0.52,10,1,98,66,105,363,387,1,1
6,0.8,0.52,10,1,80,23,87,442,295,1,1
6,0.8,0.52,10,1,94,26,87,425,297,1,1
6,0.8,0.52,10,1,75,48,102,407,121,1,1
6,0.8,0.52,10,1,77,64,83,408,115,1,1
6,0.8,0.52,10,1,77,44,85,426,133,1,1
6,0.8,0.52,10,1,93,32,80,427,243,1,1
6,0.8,0.52,10,1,84,60,76,412,265,1,1
6,0.8,0.52,10,1,92,49,89,402,127,1,1
6,0.8,0.52,10,1,88,61,79,404,255,1,1
6,0.8,0.52,10,0,109,33,85,405,243,0,0
6,0.8,0.52,10,0,79,65,94,394,259,0,0
6,0.8,0.52,10,0,97,27,93,415,469,0,0
6,0.8,0.52,10,0,87,35,84,426,225,0,0
6,0.8,0.52,10,0,92,47,98,395,329,0,0
6,0.8,0.52,10,0,111,57,88,376,632,NaN,0
6,0.8,0.52,10,0,82,59,108,383,277,0,0
6,0.8,0.52,10,0,114,47,99,372,271,0,0
6,0.8,0.52,10,0,76,70,86,400,333,0,0
6,0.8,0.52,10,0,75,34,79,444,632,NaN,1
6,0.8,0.52,10,0,75,69,112,376,433,0,0
6,0.8,0.52,10,0,75,30,99,428,313,0,0
6,0.8,0.52,10,0,77,29,111,415,157,0,0
6,0.8,0.52,10,0,76,28,77,451,421,0,0
6,0.8,0.52,10,0,78,43,122,389,269,0,0
6,0.8,0.52,10,0,103,31,114,384,283,0,0
6,0.8,0.52,10,0,105,30,87,410,317,0,0
6,0.8,0.52,10,0,102,33,82,415,233,0,0
6,0.8,0.52,10,0,93,32,91,416,525,0,0
6,0.8,0.52,10,0,81,26,98,427,365,0,0
7,0.8,0.52,10,1,89,25,96,422,227,1,1
7,0.8,0.52,10,1,102,45,85,400,143,1,1
7,0.8,0.52,10,1,92,23,118,399,455,1,1
7,0.8,0.52,10,1,110,31,85,406,277,1,1
7,0.8,0.52,10,1,80,35,98,419,271,1,1
7,0.8,0.52,10,1,89,33,75,435,293,1,1
7,0.8,0.52,10,1,96,24,82,430,243,1,1
7,0.8,0.52,10,1,76,24,104,428,632,NaN,1
7,0.8,0.52,10,1,270,26,98,238,451,1,1
7,0.8,0.52,10,1,105,54,81,392,151,1,1
7,0.8,0.52,10,1,88,32,120,392,425,1,1
7,0.8,0.52,10,1,89,40,92,411,133,1,1
7,0.8,0.52,10,1,95,52,83,402,341,1,1
7,0.8,0.52,10,1,99,59,93,381,271,1,1
7,0.8,0.52,10,1,98,34,97,403,281,1,1
7,0.8,0.52,10,1,95,30,88,419,123,1,1
7,0.8,0.52,10,1,94,40,110,388,245,1,1
7,0.8,0.52,10,1,87,27,88,430,169,1,1
7,0.8,0.52,10,1,79,28,100,425,93,1,1
7,0.8,0.52,10,1,81,28,89,434,403,1,1
7,0.8,0.52,10,1,86,28,106,412,279,1,1
7,0.8,0.52,10,1,118,32,75,407,399,1,1
7,0.8,0.52,10,1,82,42,76,432,213,1,1
7,0.8,0.52,10,1,97,30,78,427,193,1,1
7,0.8,0.52,10,1,77,36,91,428,223,1,1
7,0.8,0.52,10,1,85,56,121,370,113,1,1
7,0.8,0.52,10,1,82,26,87,437,571,1,1
7,0.8,0.52,10,1,107,37,79,409,243,1,1
7,0.8,0.52,10,1,75,65,77,415,287,1,1
7,0.8,0.52,10,1,88,29,93,422,303,1,1
7,0.8,0.52,10,1,80,63,75,414,217,1,1
7,0.8,0.52,10,1,81,36,89,426,547,1,1
7,0.8,0.52,10,1,78,23,76,455,632,NaN,1
7,0.8,0.52,10,1,112,67,86,367,205,1,1
7,0.8,0.52,10,1,111,29,85,407,632,NaN,1
7,0.8,0.52,10,1,77,38,112,405,261,1,1
7,0.8,0.52,10,1,81,43,80,428,95,1,1
7,0.8,0.52,10,1,122,43,77,390,632,NaN,1
7,0.8,0.52,10,1,75,45,90,422,193,1,1
7,0.8,0.52,10,1,106,50,79,397,297,1,1
7,0.8,0.52,10,1,108,58,75,391,325,1,1
7,0.8,0.52,10,1,116,27,80,409,243,1,1
7,0.8,0.52,10,1,121,41,80,390,287,1,1
7,0.8,0.52,10,1,76,44,97,415,181,1,1
7,0.8,0.52,10,1,76,46,76,434,97,1,1
7,0.8,0.52,10,1,77,34,108,413,247,1,1
7,0.8,0.52,10,1,83,35,90,424,307,1,1
7,0.8,0.52,10,1,97,69,94,372,632,NaN,0
7,0.8,0.52,10,1,78,39,122,393,241,1,1
7,0.8,0.52,10,1,109,48,83,392,133,1,1
7,0.8,0.52,10,1,84,25,76,447,207,1,1
7,0.8,0.52,10,1,99,68,101,364,495,1,1
7,0.8,0.52,10,1,79,47,270,236,457,1,1
7,0.8,0.52,10,1,87,24,103,418,169,1,1
7,0.8,0.52,10,1,75,70,81,406,229,1,1
7,0.8,0.52,10,1,85,35,80,432,327,1,1
7,0.8,0.52,10,1,85,44,79,424,327,1,1
7,0.8,0.52,10,1,93,25,78,436,201,1,1
7,0.8,0.52,10,1,100,38,114,380,331,1,1
7,0.8,0.52,10,1,103,31,86,412,205,1,1
7,0.8,0.52,10,1,92,33,78,429,207,1,1
7,0.8,0.52,10,1,82,51,115,384,291,1,1
7,0.8,0.52,10,1,94,36,102,400,632,NaN,1
7,0.8,0.52,10,1,77,24,96,435,97,1,1
7,0.8,0.52,10,1,76,27,99,430,207,1,1
7,0.8,0.52,10,1,87,23,95,427,109,1,1
7,0.8,0.52,10,1,88,39,92,413,247,1,1
7,0.8,0.52,10,1,80,26,78,448,145,1,1
7,0.8,0.52,10,1,86,25,77,444,441,1,1
7,0.8,0.52,10,1,86,33,111,402,231,1,1
7,0.8,0.52,10,1,84,218,81,249,393,1,1
7,0.8,0.52,10,1,113,49,95,375,443,1,1
7,0.8,0.52,10,1,75,55,109,393,531,1,1
7,0.8,0.52,10,1,117,23,77,415,247,1,1
7,0.8,0.52,10,1,101,32,81,418,365,1,1
7,0.8,0.52,10,1,91,57,82,402,245,1,1
7,0.8,0.52,10,1,80,53,84,415,249,1,1
7,0.8,0.52,10,1,79,37,116,400,449,1,1
7,0.8,0.52,10,1,114,30,86,402,581,1,1
7,0.8,0.52,10,1,93,64,99,376,273,1,1
7,0.8,0.52,10,0,79,23,82,448,625,0,0
7,0.8,0.52,10,0,91,25,119,397,237,0,0
7,0.8,0.52,10,0,81,26,89,436,409,0,0
7,0.8,0.52,10,0,78,31,82,441,632,NaN,1
7,0.8,0.52,10,0,90,27,84,431,632,NaN,0
7,0.8,0.52,10,0,119,37,94,382,393,0,0
7,0.8,0.52,10,0,75,66,87,404,632,NaN,0
7,0.8,0.52,10,0,77,60,84,411,501,0,0
7,0.8,0.52,10,0,98,61,87,386,451,0,0
7,0.8,0.52,10,0,96,28,83,425,193,0,0
7,0.8,0.52,10,0,78,41,117,396,583,0,0
7,0.8,0.52,10,0,83,34,91,424,632,NaN,1
7,0.8,0.52,10,0,83,29,75,445,632,NaN,0
7,0.8,0.52,10,0,104,42,77,409,241,0,0
7,0.8,0.52,10,0,115,23,107,387,217,0,0
7,0.8,0.52,10,0,90,30,79,433,443,1,1
7,0.8,0.52,10,0,120,62,75,375,493,0,0
7,0.8,0.52,10,0,75,47,88,422,632,NaN,0
7,0.8,0.52,10,0,84,29,113,406,169,0,0
7,0.8,0.52,10,0,82,46,105,399,399,0,0
8,0.8,0.52,10,1,80,51,75,426,325,1,1
8,0.8,0.52,10,1,109,33,78,412,377,1,1
8,0.8,0.52,10,1,89,42,75,426,181,1,1
8,0.8,0.52,10,1,120,28,102,382,129,1,1
8,0.8,0.52,10,1,102,30,85,415,269,1,1
8,0.8,0.52,10,1,112,58,79,383,253,1,1
8,0.8,0.52,10,1,75,23,81,453,193,1,1
8,0.8,0.52,10,1,78,27,119,408,493,1,1
8,0.8,0.52,10,1,75,66,88,403,457,1,1
8,0.8,0.52,10,1,83,31,96,422,145,1,1
8,0.8,0.52,10,1,270,36,83,243,271,1,1
8,0.8,0.52,10,1,116,41,77,398,265,1,1
8,0.8,0.52,10,1,106,40,86,400,325,1,1
8,0.8,0.52,10,1,89,56,83,404,229,1,1
8,0.8,0.52,10,1,83,36,75,438,105,1,1
8,0.8,0.52,10,1,77,24,117,414,571,1,1
8,0.8,0.52,10,1,108,41,86,397,469,1,1
8,0.8,0.52,10,1,75,27,88,442,511,1,1
8,0.8,0.52,10,1,82,35,90,425,632,NaN,1
8,0.8,0.52,10,1,82,27,80,443,247,1,1
8,0.8,0.52,10,1,95,62,114,361,119,1,1
8,0.8,0.52,10,1,84,39,90,419,263,1,1
8,0.8,0.52,10,1,90,26,112,404,287,1,1
8,0.8,0.52,10,1,80,47,86,419,365,1,1
8,0.8,0.52,10,1,77,53,100,402,325,1,1
8,0.8,0.52,10,1,100,23,87,422,331,1,1
8,0.8,0.52,10,1,84,31,78,439,101,1,1
8,0.8,0.52,10,1,91,32,85,424,213,1,1
8,0.8,0.52,10,1,89,29,92,422,431,1,1
8,0.8,0.52,10,1,75,61,94,402,217,1,1
8,0.8,0.52,10,1,90,37,84,421,301,1,1
8,0.8,0.52,10,1,95,26,89,422,261,1,1
8,0.8,0.52,10,1,85,57,77,413,565,1,1
8,0.8,0.52,10,1,97,25,98,412,245,1,1
8,0.8,0.52,10,1,87,47,118,380,569,1,1
8,0.8,0.52,10,1,87,34,95,416,413,1,1
8,0.8,0.52,10,1,76,39,81,436,245,1,1
8,0.8,0.52,10,1,78,24,89,441,313,1,1
8,0.8,0.52,10,1,78,70,76,408,181,1,1
8,0.8,0.52,10,1,98,63,77,394,381,1,1
8,0.8,0.52,10,1,92,55,94,391,389,1,1
8,0.8,0.52,10,1,101,42,104,385,405,1,1
8,0.8,0.52,10,1,93,44,111,384,261,1,1
8,0.8,0.52,10,1,110,32,81,409,429,1,1
8,0.8,0.52,10,1,99,23,76,434,309,1,1
8,0.8,0.52,10,1,105,28,120,379,257,1,1
8,0.8,0.52,10,1,91,38,115,388,297,1,1
8,0.8,0.52,10,1,79,40,96,417,229,1,1
8,0.8,0.52,10,1,86,43,81,422,219,1,1
8,0.8,0.52,10,1,75,34,121,402,397,1,1
8,0.8,0.52,10,1,88,45,103,396,245,1,1
8,0.8,0.52,10,1,92,23,87,430,351,1,1
8,0.8,0.52,10,1,79,30,91,432,501,1,1
8,0.8,0.52,10,1,119,218,80,215,421,1,1
8,0.8,0.52,10,1,84,50,78,420,121,1,1
8,0.8,0.52,10,1,107,33,108,384,169,1,1
8,0.8,0.52,10,1,94,46,88,404,217,1,1
8,0.8,0.52,10,1,88,24,109,411,193,1,1
8,0.8,0.52,10,1,81,23,113,415,493,1,1
8,0.8,0.52,10,1,117,69,116,330,325,1,1
8,0.8,0.52,10,1,80,24,89,439,329,1,1
8,0.8,0.52,10,1,122,37,83,390,493,1,1
8,0.8,0.52,10,1,81,28,75,448,505,1,1
8,0.8,0.52,10,1,79,37,79,437,199,1,1
8,0.8,0.52,10,1,94,28,77,433,301,1,1
8,0.8,0.52,10,1,82,30,105,415,479,1,1
8,0.8,0.52,10,1,75,25,95,437,287,1,1
8,0.8,0.52,10,1,114,23,80,415,527,1,1
8,0.8,0.52,10,1,93,64,79,396,632,NaN,1
8,0.8,0.52,10,1,83,29,75,445,269,0,0
8,0.8,0.52,10,1,77,49,87,419,632,NaN,1
8,0.8,0.52,10,1,76,43,107,406,245,1,1
8,0.8,0.52,10,1,87,26,97,422,309,1,1
8,0.8,0.52,10,1,82,31,79,440,225,1,1
8,0.8,0.52,10,1,96,26,85,425,415,1,1
8,0.8,0.52,10,1,79,27,97,429,285,1,1
8,0.8,0.52,10,1,97,36,82,417,289,1,1
8,0.8,0.52,10,1,86,54,110,382,333,1,1
8,0.8,0.52,10,1,85,32,75,440,157,1,1
8,0.8,0.52,10,1,103,29,93,407,233,1,1
8,0.8,0.52,10,0,118,46,99,369,632,NaN,0
8,0.8,0.52,10,0,96,59,101,376,305,0,0
8,0.8,0.52,10,0,98,67,98,369,632,NaN,0
8,0.8,0.52,10,0,88,38,84,422,277,0,0
8,0.8,0.52,10,0,113,68,76,375,541,0,0
8,0.8,0.52,10,0,77,34,92,429,632,NaN,1
8,0.8,0.52,10,0,76,44,99,413,245,0,0
8,0.8,0.52,10,0,85,33,270,244,567,0,0
8,0.8,0.52,10,0,121,25,84,402,617,0,0
8,0.8,0.52,10,0,77,52,78,425,317,0,0
8,0.8,0.52,10,0,86,30,80,436,197,0,0
8,0.8,0.52,10,0,80,45,82,425,269,0,0
8,0.8,0.52,10,0,78,48,82,424,211,0,0
8,0.8,0.52,10,0,104,25,93,410,227,0,0
8,0.8,0.52,10,0,76,65,122,369,437,0,0
8,0.8,0.52,10,0,111,60,106,355,181,0,0
8,0.8,0.52,10,0,81,29,91,431,381,0,0
8,0.8,0.52,10,0,99,25,77,431,355,0,0
8,0.8,0.52,10,0,115,35,82,400,235,0,0
8,0.8,0.52,10,0,81,35,76,440,409,0,0
9,0.8,0.52,10,1,82,35,80,435,241,1,1
9,0.8,0.52,10,1,82,40,85,425,215,1,1
9,0.8,0.52,10,1,76,56,81,419,193,1,1
9,0.8,0.52,10,1,78,26,110,418,303,1,1
9,0.8,0.52,10,1,101,36,87,408,505,1,1
9,0.8,0.52,10,1,97,28,122,385,267,1,1
9,0.8,0.52,10,1,90,40,85,417,271,1,1
9,0.8,0.52,10,1,117,41,113,361,632,NaN,1
9,0.8,0.52,10,1,80,48,86,418,215,1,1
9,0.8,0.52,10,1,122,68,121,321,193,1,1
9,0.8,0.52,10,1,78,59,114,381,157,1,1
9,0.8,0.52,10,1,96,26,89,421,157,1,1
9,0.8,0.52,10,1,84,23,85,440,201,1,1
9,0.8,0.52,10,1,76,26,96,434,545,1,1
9,0.8,0.52,10,1,89,43,77,423,405,1,1
9,0.8,0.52,10,1,83,39,82,428,337,1,1
9,0.8,0.52,10,1,75,47,97,413,221,1,1
9,0.8,0.52,10,1,75,24,107,426,279,1,1
9,0.8,0.52,10,1,86,23,82,441,229,1,1
9,0.8,0.52,10,1,116,28,75,413,383,1,1
9,0.8,0.52,10,1,94,218,77,243,131,1,1
9,0.8,0.52,10,1,77,25,109,421,231,1,1
9,0.8,0.52,10,1,79,29,92,432,289,1,1
9,0.8,0.52,10,1,115,24,99,394,131,1,1
9,0.8,0.52,10,1,270,62,79,221,315,1,1
9,0.8,0.52,10,1,87,36,89,420,261,1,1
9,0.8,0.52,10,1,76,27,88,441,229,1,1
9,0.8,0.52,10,1,88,50,78,416,265,1,1
9,0.8,0.52,10,1,77,45,106,404,237,1,1
9,0.8,0.52,10,1,78,30,91,433,503,1,1
9,0.8,0.52,10,1,114,27,120,371,333,1,1
9,0.8,0.52,10,1,77,25,77,453,253,1,1
9,0.8,0.52,10,1,95,32,76,429,251,1,1
9,0.8,0.52,10,1,79,47,76,430,235,1,1
9,0.8,0.52,10,1,80,70,100,382,509,1,1
9,0.8,0.52,10,1,79,31,83,439,107,1,1
9,0.8,0.52,10,1,95,53,77,407,99,1,1
9,0.8,0.52,10,1,107,32,91,402,425,1,1
9,0.8,0.52,10,1,77,38,98,419,217,1,1
9,0.8,0.52,10,1,103,44,87,398,217,1,1
9,0.8,0.52,10,1,110,23,84,415,181,1,1
9,0.8,0.52,10,1,99,41,84,408,379,1,1
9,0.8,0.52,10,1,99,67,82,384,355,1,1
9,0.8,0.52,10,1,84,27,92,429,261,1,1
9,0.8,0.52,10,1,86,30,89,427,277,1,1
9,0.8,0.52,10,1,119,23,75,415,479,1,1
9,0.8,0.52,10,1,89,24,108,411,309,1,1
9,0.8,0.52,10,1,81,37,105,409,283,1,1
9,0.8,0.52,10,1,80,60,94,398,239,1,1
9,0.8,0.52,10,1,90,55,88,399,301,1,1
9,0.8,0.52,10,1,106,28,96,402,217,1,1
9,0.8,0.52,10,1,81,69,75,407,97,1,1
9,0.8,0.52,10,1,104,25,86,417,513,1,1
9,0.8,0.52,10,1,111,49,76,396,253,1,1
9,0.8,0.52,10,1,97,31,119,385,632,NaN,1
9,0.8,0.52,10,1,113,35,80,404,217,1,1
9,0.8,0.52,10,1,89,31,80,432,203,1,1
9,0.8,0.52,10,1,92,35,93,412,265,1,1
9,0.8,0.52,10,1,76,63,99,394,259,1,1
9,0.8,0.52,10,1,92,64,81,395,241,1,1
9,0.8,0.52,10,1,93,28,103,408,243,1,1
9,0.8,0.52,10,1,94,37,95,406,413,1,1
9,0.8,0.52,10,1,88,36,78,430,229,1,1
9,0.8,0.52,10,1,81,44,76,431,123,1,1
9,0.8,0.52,10,1,85,37,80,430,115,1,1
9,0.8,0.52,10,1,82,52,79,419,281,1,1
9,0.8,0.52,10,1,88,61,93,390,365,1,1
9,0.8,0.52,10,1,83,34,101,414,217,1,1
9,0.8,0.52,10,1,102,42,95,393,417,1,1
9,0.8,0.52,10,1,85,39,104,404,347,1,1
9,0.8,0.52,10,1,75,29,78,450,281,1,1
9,0.8,0.52,10,1,96,23,84,429,209,1,1
9,0.8,0.52,10,1,108,34,88,402,283,1,1
9,0.8,0.52,10,1,80,26,78,448,255,1,1
9,0.8,0.52,10,1,98,25,79,430,213,1,1
9,0.8,0.52,10,1,78,30,90,434,233,1,1
9,0.8,0.52,10,1,105,33,116,378,393,1,1
9,0.8,0.52,10,1,83,27,102,420,507,1,1
9,0.8,0.52,10,1,84,54,82,412,361,1,1
9,0.8,0.52,10,1,87,65,79,401,381,1,1
9,0.8,0.52,10,0,121,38,117,356,589,0,0
9,0.8,0.52,10,0,81,58,94,399,623,0,0
9,0.8,0.52,10,0,79,32,75,446,197,0,0
9,0.8,0.52,10,0,91,33,112,396,255,0,0
9,0.8,0.52,10,0,75,24,77,456,632,NaN,0
9,0.8,0.52,10,0,86,42,111,393,277,0,0
9,0.8,0.52,10,0,100,30,75,427,349,1,1
9,0.8,0.52,10,0,118,46,90,378,153,0,0
9,0.8,0.52,10,0,87,66,87,392,447,1,1
9,0.8,0.52,10,0,112,25,83,412,632,NaN,0
9,0.8,0.52,10,0,77,33,81,441,195,0,0
9,0.8,0.52,10,0,91,57,81,403,632,NaN,0
9,0.8,0.52,10,0,109,45,115,363,349,0,0
9,0.8,0.52,10,0,82,29,97,424,632,NaN,1
9,0.8,0.52,10,0,75,46,270,241,361,0,0
9,0.8,0.52,10,0,98,51,75,408,277,0,0
9,0.8,0.52,10,0,75,29,118,410,295,0,0
9,0.8,0.52,10,0,93,23,86,430,493,0,0
9,0.8,0.52,10,0,85,43,83,421,373,0,0
9,0.8,0.52,10,0,120,34,98,380,333,0,0
